,date,open,high,low,close,volume
0,2009-10-28,4111.617,4182.078,4098.415,4182.078,781608500
1,2009-10-29,4130.472,4185.567,4107.391,4135.283,885491600
2,2009-10-30,4186.98,4233.273,4160.965,4187.778,881840700
3,2009-11-02,4115.831,4325.361,4100.538,4324.185,1152899600
4,2009-11-03,4327.318,4397.519,4315.323,4369.147,1142312800
5,2009-11-04,4371.088,4418.173,4357.857,4391.138,1017821200
6,2009-11-05,4397.834,4411.788,4354.116,4411.788,912389300
7,2009-11-06,4428.915,4451.236,4407.522,4417.506,1014402800
8,2009-11-09,4425.599,4431.068,4388.078,4428.324,818645900
9,2009-11-10,4442.544,4493.067,4433.007,4472.264,897354100
10,2009-11-11,4483.107,4511.321,4454.663,4497.691,817006100
11,2009-11-12,4507.355,4621.882,4507.355,4571.856,1252752500
12,2009-11-13,4565.314,4650.569,4544.578,4650.569,1231774300
13,2009-11-16,4680.29,4788.51,4680.29,4750.52,1425606700
14,2009-11-17,4758.999,4758.999,4694.695,4738.959,974743900
15,2009-11-18,4749.184,4763.57,4698.435,4732.388,1298844900
16,2009-11-19,4734.983,4757.868,4697.128,4745.029,1381471600
17,2009-11-20,4726.52,4765.724,4704.633,4746.727,1150810900
18,2009-11-23,4747.685,4872.791,4742.487,4872.519,1348743500
19,2009-11-24,4890.384,4916.044,4652.036,4669.113,1749797800
20,2009-11-25,4653.883,4833.346,4652.858,4832.411,1284388400
21,2009-11-26,4843.69,4848.228,4582.387,4603.513,1425778200
22,2009-11-27,4547.337,4631.49,4483.051,4513.506,1023158900
23,2009-11-30,4556.094,4772.813,4556.094,4771.944,1168563500
24,2009-12-01,4769.919,4882.781,4754.538,4862.663,1295826700
25,2009-12-02,4877.131,4894.038,4843.913,4879.888,1032401200
26,2009-12-03,4879.23,4879.23,4815.911,4869.097,1146412400
27,2009-12-04,4858.406,4880.329,4690.002,4796.652,1284003900
28,2009-12-07,4847.555,4871.508,4815.676,4867.05,953631100
29,2009-12-08,4872.035,4887.892,4797.794,4844.188,870134000
30,2009-12-09,4809.525,4853.611,4783.21,4814.485,836558800
31,2009-12-10,4842.428,4890.147,4828.104,4863.596,848538800
32,2009-12-11,4875.386,4916.978,4850.918,4870.361,762888200
33,2009-12-14,4871.155,4873.871,4780.186,4865.477,728096000
34,2009-12-15,4856.719,4902.288,4832.25,4860.381,623874500
35,2009-12-16,4846.309,4871.099,4796.695,4807.844,634956400
36,2009-12-17,4806.761,4821.245,4664.835,4674.067,675797700
37,2009-12-18,4638.075,4639.753,4538.277,4540.659,627358800
38,2009-12-21,4543.803,4616.561,4543.803,4616.304,467757600
39,2009-12-22,4627.757,4639.15,4513.63,4530.803,521439100
40,2009-12-23,4520.699,4629.794,4520.699,4628.243,497002600
41,2009-12-24,4641.128,4796.824,4634.778,4781.153,697545700
42,2009-12-25,4783.043,4808.131,4755.492,4787.611,536593900
43,2009-12-28,4800.868,4865.03,4800.868,4863.226,758348400
44,2009-12-29,4869.189,4888.831,4806.309,4887.881,797300600
45,2009-12-30,4883.491,4883.491,4810.968,4864.399,802075100
46,2009-12-31,4868.519,4910.399,4843.618,4909.502,860066200
47,2010-01-04,4939.748,4947.365,4886.96,4888.17,902304000
48,2010-01-05,4887.517,4897.736,4814.424,4847.667,955545200
49,2010-01-06,4847.694,4848.277,4777.125,4785.942,1045448700
50,2010-01-07,4776.569,4777.788,4614.494,4651.615,1107531000
51,2010-01-08,4631.191,4679.319,4582.511,4678.742,841964100
52,2010-01-11,4717.432,4742.209,4611.41,4630.261,991519900
53,2010-01-12,4629.131,4746.392,4612.28,4746.196,1033845600
54,2010-01-13,4651.713,4775.342,4631.296,4705.871,1206637000
55,2010-01-14,4721.571,4860.458,4721.511,4853.133,1302044300
56,2010-01-15,4865.445,4893.585,4844.206,4869.968,1041392200
57,2010-01-18,4878.196,4948.609,4866.931,4944.057,1080436900
58,2010-01-19,4954.197,4956.442,4892.979,4911.052,884740600
59,2010-01-20,4909.288,4910.012,4726.275,4742.633,1088415700
60,2010-01-21,4737.929,4767.209,4693.958,4755.69,787999900
61,2010-01-22,4704.264,4725.908,4576.692,4646.871,863974000
62,2010-01-25,4628.966,4650.664,4595.844,4597.863,671983400
63,2010-01-26,4607.281,4629.946,4477.482,4507.025,695201200
64,2010-01-27,4506.013,4534.073,4435.509,4466.604,632646100
65,2010-01-28,4462.272,4542.493,4444.936,4539.857,459025700
66,2010-01-29,4529.644,4623.947,4509.073,4559.976,609275200
67,2010-02-01,4563.958,4570.801,4481.432,4534.734,698518800
68,2010-02-02,4543.493,4576.509,4489.809,4492.652,631296400
69,2010-02-03,4498.506,4538.597,4389.747,4538.564,693826000
70,2010-02-04,4526.41,4585.703,4496.354,4549.813,689683200
71,2010-02-05,4468.498,4508.309,4441.227,4475.978,588700900
72,2010-02-08,4473.202,4507.33,4469.338,4487.498,442529200
73,2010-02-09,4487.321,4509.076,4455.002,4478.253,409284700
74,2010-02-10,4508.661,4532.063,4495.427,4531.872,375386500
75,2010-02-11,4534.944,4586.234,4525.021,4557.834,400516900
76,2010-02-12,4571.214,4615.362,4563.315,4607.55,409430000
77,2010-02-22,4602.367,4606.068,4561.909,4562.5,468884400
78,2010-02-23,4555.776,4571.164,4486.724,4570.623,582768300
79,2010-02-24,4552.557,4641.512,4531.343,4641.169,604183300
80,2010-02-25,4646.359,4707.862,4645.891,4703.217,841788600
81,2010-02-26,4701.1,4732.649,4681.959,4695.522,670565400
82,2010-03-01,4691.211,4723.582,4683.844,4707.244,714139900
83,2010-03-02,4717.663,4739.603,4676.083,4691.617,939541600
84,2010-03-03,4696.327,4744.525,4667.196,4744.145,1222450800
85,2010-03-04,4749.645,4779.15,4603.065,4617.617,1332131600
86,2010-03-05,4619.467,4660.741,4599.606,4639.108,700832400
87,2010-03-08,4651.816,4664.758,4641.797,4657.264,686144300
88,2010-03-09,4658.592,4671.854,4630.348,4660.75,698612200
89,2010-03-10,4658.782,4663.795,4589.799,4612.026,790756800
90,2010-03-11,4610.704,4620.613,4550.056,4570.67,614953100
91,2010-03-12,4572.858,4584.182,4513.579,4517.194,506208500
92,2010-03-15,4513.866,4520.489,4431.231,4445.423,492591400
93,2010-03-16,4455.793,4476.018,4421.518,4464.676,396060600
94,2010-03-17,4477.661,4565.259,4471.456,4565.259,592588200
95,2010-03-18,4577.849,4600.479,4551.05,4568.059,667493400
96,2010-03-19,4579.38,4600.834,4556.957,4598.636,522941900
97,2010-03-22,4607.981,4625.24,4587.145,4621.967,659924200
98,2010-03-23,4623.28,4633.361,4590.034,4600.455,652992000
99,2010-03-24,4603.105,4631.16,4601.698,4620.421,598539900
100,2010-03-25,4612.661,4612.661,4545.813,4545.813,522322100
101,2010-03-26,4541.721,4616.979,4541.324,4606.501,534314500
102,2010-03-29,4631.76,4679.676,4629.33,4677.738,720506100
103,2010-03-30,4683.611,4705.744,4675.115,4700.43,755835300
104,2010-03-31,4704.454,4706.576,4659.901,4673.702,571956200
105,2010-04-01,4675.515,4739.334,4675.428,4738.541,749753100
106,2010-04-02,4742.983,4746.941,4711.526,4736.709,843089800
107,2010-04-06,4742.968,4747.632,4684.746,4703.253,768659000
108,2010-04-07,4704.453,4707.546,4661.888,4685.489,682180800
109,2010-04-08,4684.533,4684.712,4628.111,4644.912,790592400
110,2010-04-09,4648.092,4689.532,4636.994,4689.457,677752600
111,2010-04-12,4702.261,4709.548,4634.952,4660.614,921394100
112,2010-04-13,4659.741,4690.174,4577.218,4661.422,903464600
113,2010-04-14,4666.056,4707.064,4646.525,4706.738,822815900
114,2010-04-15,4710.148,4717.2,4649.95,4677.807,792331500
115,2010-04-16,4679.637,4694.577,4644.83,4672.341,536787900
116,2010-04-19,4635.619,4635.619,4473.112,4475.358,886985500
117,2010-04-20,4471.232,4504.455,4402.832,4455.575,752085400
118,2010-04-21,4459.451,4579.353,4459.349,4578.92,966259100
119,2010-04-22,4573.11,4643.515,4541.925,4607.207,892815200
120,2010-04-23,4605.358,4637.117,4541.84,4547.941,736748200
121,2010-04-26,4528.912,4564.483,4506.107,4510.072,780423200
122,2010-04-27,4504.997,4505.486,4352.116,4419.29,729335700
123,2010-04-28,4380.828,4450.616,4353.009,4404.265,595117600
124,2010-04-29,4418.332,4442.929,4323.479,4326.476,708934100
125,2010-04-30,4300.288,4309.981,4174.895,4244.949,815660800
126,2010-05-04,4176.223,4255.303,4153.147,4203.664,505148500
127,2010-05-05,4163.567,4269.449,4129.086,4269.286,717952300
128,2010-05-06,4258.003,4259.055,4118.181,4121.82,797867200
129,2010-05-07,4041.323,4119.141,4006.234,4038.191,974067500
130,2010-05-10,4041.977,4095.63,3961.784,4040.77,716176400
131,2010-05-11,4115.344,4129.205,3944.294,3950.464,690126300
132,2010-05-12,3928.456,3969.27,3839.063,3921.153,727778800
133,2010-05-13,3921.982,4033.104,3901.449,4032.969,717236900
134,2010-05-14,4006.084,4050.204,3982.499,4017.237,573200000
135,2010-05-17,3974.527,3974.527,3796.409,3800.017,614664700
136,2010-05-18,3789.071,3860.686,3727.722,3842.648,621398400
137,2010-05-19,3826.955,3897.306,3803.165,3859.681,537847100
138,2010-05-20,3831.414,3933.349,3823.779,3837.111,610211500
139,2010-05-21,3753.096,3922.876,3731.538,3922.087,700432300
140,2010-05-24,3956.535,4093.873,3956.535,4071.063,948297800
141,2010-05-25,4054.616,4058.07,3969.934,3996.762,790451000
142,2010-05-26,3987.237,4017.65,3947.946,3989.225,554964200
143,2010-05-27,3984.305,4067.936,3947.008,4058.358,718157300
144,2010-05-28,4090.304,4102.4,4029.175,4049.771,710642900
145,2010-05-31,4040.623,4091.358,3971.952,3972.522,662548300
146,2010-06-01,3948.053,3993.884,3873.661,3937.332,604694400
147,2010-06-02,3933.075,3979.567,3891.425,3979.567,560758400
148,2010-06-03,3992.825,4027.41,3956.89,3959.54,579707900
149,2010-06-04,3954.629,4006.594,3940.918,4001.992,520404000
150,2010-06-07,3926.803,3994.116,3913.246,3982.599,575827300
151,2010-06-08,3987.253,4036.239,3983.973,4025.428,570970100
152,2010-06-09,4040.146,4117.912,4039.489,4115.566,794969100
153,2010-06-10,4102.983,4160.894,4087.845,4123.114,625183800
154,2010-06-11,4148.864,4172.618,4110.989,4111.243,607392300
155,2010-06-17,4136.551,4148.453,4064.623,4065.403,391681600
156,2010-06-18,4052.101,4061.949,3926.566,3943.527,493003900
157,2010-06-21,3939.243,4048.891,3912.224,4048.794,465002900
158,2010-06-22,4044.884,4085.308,4033.814,4066.789,470700900
159,2010-06-23,4049.045,4084.986,4011.82,4051.301,424798900
160,2010-06-24,4054.207,4082.853,4031.436,4053.687,379985900
161,2010-06-25,4043.123,4051.399,3987.184,4028.482,348469700
162,2010-06-28,4025.76,4040.229,3973.822,3987.949,345191500
163,2010-06-29,3986.591,4005.56,3802.609,3804.028,546472800
164,2010-06-30,3770.623,3782.742,3736.727,3770.925,432042700
165,2010-07-01,3773.891,3799.367,3705.264,3705.754,412290200
166,2010-07-02,3701.167,3719.6,3573.577,3684.845,500846300
167,2010-07-05,3649.59,3695.211,3602.556,3672.26,329459400
168,2010-07-06,3655.066,3765.904,3653.028,3755.814,407400200
169,2010-07-07,3763.526,3825.072,3750.747,3825.072,503893800
170,2010-07-08,3837.839,3847.558,3801.187,3822.822,497319900
171,2010-07-09,3830.142,3957.098,3798.991,3942.123,706118100
172,2010-07-12,3945.051,3996.153,3931.229,3969.421,638076700
173,2010-07-13,3944.616,3948.898,3884.685,3927.078,550855000
174,2010-07-14,3929.259,3994.561,3921.177,3940.104,633778000
175,2010-07-15,3940.104,3992.562,3901.583,3907.205,518303500
176,2010-07-16,3891.432,3938.211,3864.101,3929.477,386509000
177,2010-07-19,3905.926,4032.151,3893.113,4023.989,615346800
178,2010-07-20,4031.264,4117.787,4031.264,4101.368,851739300
179,2010-07-21,4105.055,4155.887,4092.695,4114.543,800784700
180,2010-07-22,4107.058,4159.571,4098.265,4157.743,626465800
181,2010-07-23,4162.78,4184.002,4125.117,4161.779,660767600
182,2010-07-26,4166.383,4192.034,4143.787,4192.034,609134800
183,2010-07-27,4187.235,4228.848,4168.334,4210.929,635841800
184,2010-07-28,4216.648,4297.846,4200.522,4292.247,833960200
185,2010-07-29,4296.183,4314.177,4239.599,4279.24,850835700
186,2010-07-30,4265.792,4280.393,4228.978,4270.14,567619100
187,2010-08-02,4275.624,4389.955,4273.51,4378.21,817694200
188,2010-08-03,4384.251,4397.529,4297.116,4297.824,801797000
189,2010-08-04,4282.181,4325.435,4235.139,4320.845,764685400
190,2010-08-05,4323.773,4392.515,4311.529,4362.673,865372900
191,2010-08-06,4360.835,4429.141,4325.57,4427.455,959224400
192,2010-08-09,4427.389,4483.999,4420.021,4467.149,897819400
193,2010-08-10,4470.279,4472.58,4321.393,4321.393,940552000
194,2010-08-11,4309.837,4398.878,4309.689,4387.61,640421800
195,2010-08-12,4344.29,4431.507,4326.808,4356.78,732061800
196,2010-08-13,4356.476,4437.36,4338.443,4434.541,628127600
197,2010-08-16,4432.545,4542.784,4416.672,4530.365,867622500
198,2010-08-17,4536.097,4614.852,4535.473,4603.018,1056115400
199,2010-08-18,4607.855,4639.208,4581.21,4604.982,907598900
200,2010-08-19,4601.542,4634.204,4573.379,4587.536,786827100
201,2010-08-20,4569.825,4571.4,4464.322,4476.482,770999700
202,2010-08-23,4472.715,4521.896,4472.715,4491.89,545476300
203,2010-08-24,4484.32,4570.91,4455.588,4546.709,857257000
204,2010-08-25,4522.821,4555.117,4475.613,4477.523,759324600
205,2010-08-26,4481.018,4527.142,4474.893,4502.649,781155100
206,2010-08-27,4495.663,4529.976,4475.041,4529.739,574274800
207,2010-08-30,4555.21,4697.354,4555.21,4683.388,908291300
208,2010-08-31,4668.064,4697.474,4652.024,4671.407,784148000
209,2010-09-01,4674.26,4708.946,4557.904,4611.401,836474000
210,2010-09-02,4644.468,4750.642,4641.195,4728.602,1023204900
211,2010-09-03,4739.735,4822.343,4726.287,4767.835,966631700
212,2010-09-06,4796.056,4847.042,4761.659,4786.884,898994200
213,2010-09-07,4791.776,4800.931,4745.582,4790.864,745987600
214,2010-09-08,4775.13,4835.771,4766.638,4829.677,787661200
215,2010-09-09,4845.681,4855.73,4741.715,4748.485,896270300
216,2010-09-10,4750.204,4797.863,4685.085,4790.637,770206500
217,2010-09-13,4795.404,4879.447,4795.404,4852.738,768166200
218,2010-09-14,4870.113,4892.493,4840.331,4858.603,927153100
219,2010-09-15,4854.29,4854.843,4740.692,4759.508,997962800
220,2010-09-16,4746.16,4760.626,4611.955,4655.183,819528400
221,2010-09-17,4657.581,4717.59,4625.383,4697.16,573489200
222,2010-09-20,4706.271,4753.1,4674.513,4725.074,619855800
223,2010-09-21,4737.373,4777.063,4728.448,4765.741,485543200
224,2010-09-27,4785.118,4860.823,4782.225,4857.24,577495500
225,2010-09-28,4860.916,4868.916,4826.621,4853.983,650401300
226,2010-09-29,4852.973,4873.699,4780.505,4787.031,563015700
227,2010-09-30,4764.699,4854.812,4763.024,4849.504,516207100
228,2010-10-08,4890.602,4984.506,4889.521,4960.6,804761700
229,2010-10-11,4978.465,5000.743,4893.401,4934.418,1355627100
230,2010-10-12,4927.744,4981.462,4918.815,4968.716,1274164200
231,2010-10-13,4963.674,5021.954,4920.222,5019.54,1543703000
232,2010-10-14,5038.533,5045.646,4870.156,4872.467,1479405100
233,2010-10-15,4852.778,4947.895,4846.544,4919.69,1166358400
234,2010-10-18,4922.241,4924.968,4759.548,4863.389,1461609400
235,2010-10-19,4853.551,5030.195,4845.002,5027.709,1120034100
236,2010-10-20,4933.084,5186.53,4925.238,5155.354,1494803700
237,2010-10-21,5163.562,5226.961,5109.014,5145.14,1025317100
238,2010-10-22,5155.277,5235.623,5151.648,5204.98,1152019900
239,2010-10-25,5231.442,5344.816,5230.409,5344.501,1601487000
240,2010-10-26,5347.225,5347.385,5262.854,5318.349,1354316500
241,2010-10-27,5311.823,5323.088,5188.609,5204.044,1079558500
242,2010-10-28,5194.208,5235.036,5118.138,5150.949,851676000
243,2010-10-29,5148.431,5185.627,5102.792,5167.801,862382500
244,2010-11-01,5182.227,5286.792,5182.227,5286.586,1172302100
245,2010-11-02,5297.21,5301.829,5220.485,5227.173,1261243900
246,2010-11-03,5222.818,5251.616,5161.401,5163.024,1040783900
247,2010-11-04,5174.705,5263.5,5174.417,5262.96,1019399900
248,2010-11-05,5310.744,5330.258,5258.158,5282.919,1230520100
249,2010-11-08,5309.623,5387.206,5285.522,5386.945,1448029500
250,2010-11-09,5386.491,5389.089,5332.331,5385.899,1479631000
251,2010-11-10,5378.53,5473.956,5352.747,5443.978,1596783500
252,2010-11-11,5437.593,5499.66,5401.365,5403.486,1387286700
253,2010-11-12,5378.076,5422.527,5109.168,5119.318,1634986900
254,2010-11-15,5147.939,5273.181,5147.939,5273.181,1017779500
255,2010-11-16,5287.597,5287.597,5036.859,5089.619,1123835400
256,2010-11-17,5037.465,5055.449,4877.008,4900.729,791276000
257,2010-11-18,4934.371,4998.84,4889.81,4988.484,632328900
258,2010-11-19,5031.551,5093.341,4940.496,5093.341,783851100
259,2010-11-22,5059.075,5160.904,5036.984,5102.7,813490700
260,2010-11-23,5096.703,5096.703,4964.444,5054.496,848281400
261,2010-11-24,5035.001,5200.4,5034.732,5200.136,784980400
262,2010-11-25,5229.409,5276.58,5203.501,5265.484,829413900
263,2010-11-26,5256.644,5293.778,5209.211,5266.561,739761900
264,2010-11-29,5256.006,5314.982,5216.701,5285.004,647825000
265,2010-11-30,5283.889,5286.881,5027.375,5154.96,914769400
266,2010-12-01,5137.069,5165.542,5096.848,5135.331,509808400
267,2010-12-02,5204.455,5223.193,5123.877,5126.784,589429600
268,2010-12-03,5141.192,5172.075,5092.691,5134.869,517916100
269,2010-12-06,5147.153,5160.795,5039.648,5054.925,534199200
270,2010-12-07,5054.645,5164.379,4998.847,5140.533,584779800
271,2010-12-08,5154.364,5192.34,5111.573,5121.493,587973300
272,2010-12-09,5110.989,5110.989,4995.986,5003.183,574923100
273,2010-12-10,4977.806,5034.76,4958.841,5028.21,525594000
274,2010-12-13,5045.976,5181.1,5045.082,5181.1,866806300
275,2010-12-14,5193.232,5227.394,5189.306,5211.676,768659700
276,2010-12-15,5217.656,5232.011,5166.765,5178.071,689419700
277,2010-12-16,5219.619,5233.043,5170.678,5180.537,553174000
278,2010-12-17,5181.639,5192.017,5140.214,5163.194,438537100
279,2010-12-20,5182.49,5201.267,4989.39,5072.727,748631300
280,2010-12-21,5079.274,5100.951,5027.281,5097.075,793390000
281,2010-12-22,5096.744,5098.698,5020.197,5038.795,676478600
282,2010-12-23,5033.997,5049.769,4974.007,4979.78,549128600
283,2010-12-24,4968.653,4975.226,4905.369,4921.365,499455600
284,2010-12-27,4922.877,4973.19,4774.931,4790.123,621535700
285,2010-12-28,4771.402,4787.1,4666.274,4731.06,546527900
286,2010-12-29,4729.881,4798.974,4715.101,4797.87,435029300
287,2010-12-30,4796.921,4803.328,4739.402,4779.347,471122100
288,2010-12-31,4784.201,4878.69,4784.154,4876.856,525601900
289,2011-01-04,4905.589,4913.655,4841.017,4907.839,698909600
290,2011-01-05,4884.411,4889.425,4830.074,4844.069,695638600
291,2011-01-06,4843.414,4884.942,4827.277,4845.088,659332100
292,2011-01-07,4842.714,4896.452,4817.068,4849.458,647921800
293,2011-01-10,4847.806,4854.113,4726.187,4737.807,586333500
294,2011-01-11,4722.633,4740.709,4699.861,4738.026,473386500
295,2011-01-12,4749.645,4771.725,4705.589,4761.677,539866100
296,2011-01-13,4773.941,4816.851,4763.725,4802.773,486731200
297,2011-01-14,4793.153,4794.239,4739.889,4776.384,487667000
298,2011-01-17,4739.634,4770.461,4599.614,4602.673,542032900
299,2011-01-18,4586.044,4651.875,4555.555,4650.628,416416500
300,2011-01-19,4650.835,4725.666,4632.639,4725.327,477811300
301,2011-01-20,4718.986,4718.986,4559.06,4563.953,487572700
302,2011-01-21,4545.854,4625.55,4525.539,4577.784,560002100
303,2011-01-24,4570.277,4592.718,4475.881,4514.569,538205700
304,2011-01-25,4500.177,4512.833,4471.827,4497.917,345996100
305,2011-01-26,4500.588,4567.75,4499.572,4556.254,338234500
306,2011-01-27,4526.982,4624.195,4491.052,4612.249,559553100
307,2011-01-28,4608.255,4680.939,4606.753,4667.328,544994100
308,2011-01-31,4657.004,4733.931,4649.814,4731.681,500251900
309,2011-02-01,4731.848,4744.191,4703.33,4725.437,372888300
310,2011-02-09,4695.822,4768.037,4680.143,4702.051,540676500
311,2011-02-10,4695.754,4899.609,4692.863,4893.407,904466800
312,2011-02-11,4893.378,4970.441,4880.596,4936.209,871197600
313,2011-02-14,4942.83,5040.027,4941.998,5024.982,907739500
314,2011-02-15,5032.164,5060.859,5000.792,5003.979,842718500
315,2011-02-16,4993.528,5025.681,4970.7,5025.405,802228500
316,2011-02-17,5027.93,5031.973,4957.792,4994.238,829105000
317,2011-02-18,4986.204,4999.517,4951.881,4955.104,735540900
318,2011-02-21,4934.563,5049.859,4930.015,5049.618,842893600
319,2011-02-22,5055.318,5056.468,4928.897,4932.98,963531500
320,2011-02-23,4921.15,4964.381,4908.162,4949.599,669237600
321,2011-02-24,4937.759,4990.838,4918.72,4985.126,644656500
322,2011-02-25,4990.479,5033.538,4958.726,4993.381,738065100
323,2011-02-28,4996.89,5088.088,4983.954,5087.904,1161422500
324,2011-03-01,5094.353,5135.051,5083.764,5119.172,1162235200
325,2011-03-02,5104.776,5117.878,5044.753,5114.748,840753100
326,2011-03-03,5118.709,5149.976,5041.784,5046.708,895658900
327,2011-03-04,5048.325,5110.245,5032.089,5104.332,724610100
328,2011-03-07,5124.856,5177.042,5124.856,5160.395,979645300
329,2011-03-08,5158.472,5177.033,5124.976,5176.678,699085700
330,2011-03-09,5189.157,5211.462,5138.206,5165.298,692577600
331,2011-03-10,5157.911,5193.36,5135.825,5154.473,714357900
332,2011-03-11,5135.095,5181.517,5102.916,5117.292,687960000
333,2011-03-14,5102.39,5164.641,5102.39,5164.008,504696500
334,2011-03-15,5143.961,5143.965,4966.02,5049.346,826606700
335,2011-03-16,5047.6,5122.787,5034.388,5110.112,891210700
336,2011-03-17,5073.946,5102.138,5027.978,5058.135,845656800
337,2011-03-18,5094.038,5111.18,5058.444,5075.803,555431600
338,2011-03-21,5083.331,5104.408,5019.493,5036.923,536204800
339,2011-03-22,5047.491,5061.611,4970.736,5027.806,468567100
340,2011-03-23,5029.483,5088.912,5006.985,5086.246,558921800
341,2011-03-24,5095.027,5096.318,5063.654,5064.891,571922300
342,2011-03-25,5074.544,5127.062,5071.693,5106.932,641991600
343,2011-03-28,5121.491,5131.95,5045.152,5051.051,810874700
344,2011-03-29,5048.253,5055.185,4960.46,4968.206,709857700
345,2011-03-30,4964.624,4989.339,4939.766,4959.574,544702500
346,2011-03-31,4955.633,4973.146,4909.428,4926.205,619433400
347,2011-04-01,4927.828,4950.64,4904.631,4946.217,416725400
348,2011-04-06,4949.983,4972.645,4883.546,4899.821,731935900
349,2011-04-07,4897.479,4936.338,4868.922,4936.109,797222600
350,2011-04-08,4932.789,5009.738,4920.406,5005.63,742426600
351,2011-04-11,5013.954,5029.336,4952.353,4956.688,730625900
352,2011-04-12,4952.898,4994.439,4942.852,4970.286,824425900
353,2011-04-13,4962.173,5027.269,4941.461,5026.94,823851400
354,2011-04-14,5025.364,5025.884,4993.47,5000.478,1003525700
355,2011-04-15,4988.986,5013.152,4929.911,4973.171,632347400
356,2011-04-18,4961.645,4975.711,4934.556,4961.012,987454100
357,2011-04-19,4928.067,4968.564,4888.963,4935.777,1248817000
358,2011-04-20,4926.333,4970.837,4926.333,4957.511,849092000
359,2011-04-21,4968.486,4983.632,4954.16,4958.375,859267100
360,2011-04-22,4962.723,4962.723,4931.687,4946.321,654930000
361,2011-04-25,4950.978,4982.267,4911.568,4938.891,1230444800
362,2011-04-26,4930.329,4944.725,4882.844,4903.23,833446600
363,2011-04-27,4917.367,4956.804,4849.612,4874.394,740144100
364,2011-04-28,4883.859,4895.756,4775.755,4775.755,716374500
365,2011-04-29,4778.821,4852.599,4777.396,4852.418,581867500
366,2011-05-03,4861.165,4907.421,4823.719,4906.884,456760100
367,2011-05-04,4889.131,4894.136,4805.474,4817.444,561729900
368,2011-05-05,4807.974,4863.47,4804.436,4853.227,415088300
369,2011-05-06,4829.349,4910.3,4818.336,4894.126,781536600
370,2011-05-09,4899.107,4935.578,4876.647,4893.303,668935700
371,2011-05-10,4893.751,4903.386,4865.15,4903.151,531433700
372,2011-05-11,4897.028,4917.124,4862.243,4890.512,672072900
373,2011-05-12,4868.465,4939.708,4854.461,4883.172,621919100
374,2011-05-13,4886.562,4905.501,4830.587,4883.157,338313700
375,2011-05-16,4874.943,4911.169,4869.25,4876.501,556923500
376,2011-05-17,4871.376,4895.316,4849.193,4871.258,663221700
377,2011-05-18,4862.35,4919.095,4862.35,4916.742,552166300
378,2011-05-19,4929.686,4965.768,4902.258,4907.533,858727200
379,2011-05-20,4905.381,4918.018,4885.357,4907.142,649886800
380,2011-05-23,4894.589,4895.394,4728.351,4728.351,778331600
381,2011-05-24,4712.471,4717.047,4674.165,4699.384,696685500
382,2011-05-25,4686.728,4712.259,4643.886,4650.95,566160900
383,2011-05-26,4675.06,4711.15,4625.499,4626.045,631500600
384,2011-05-27,4630.253,4650.282,4548.183,4554.622,684278100
385,2011-05-30,4532.099,4613.6,4522.069,4584.457,529288000
386,2011-05-31,4585.043,4644.102,4574.968,4643.348,532480300
387,2011-06-01,4639.809,4699.295,4619.471,4696.375,583980200
388,2011-06-02,4646.115,4677.126,4582.111,4632.124,538855100
389,2011-06-03,4628.962,4722.886,4628.516,4706.831,512687000
390,2011-06-07,4701.558,4735.804,4693.956,4724.872,495482700
391,2011-06-08,4719.671,4763.285,4684.795,4756.962,690442200
392,2011-06-09,4751.619,4752.517,4658.667,4660.499,848806500
393,2011-06-10,4649.65,4691.58,4630.228,4679.517,769765300
394,2011-06-13,4655.907,4659.908,4595.862,4628.285,572072800
395,2011-06-14,4620.724,4696.647,4617.752,4691.855,709768400
396,2011-06-15,4671.493,4704.323,4641.53,4645.307,640519000
397,2011-06-16,4613.628,4625.913,4580.875,4585.781,505643900
398,2011-06-17,4588.788,4621.159,4555.611,4565.085,541658900
399,2011-06-20,4561.553,4569.474,4496.437,4512.475,340478000
400,2011-06-21,4515.94,4583.181,4515.94,4582.809,562208800
401,2011-06-22,4588.898,4631.776,4584.872,4619.884,487276100
402,2011-06-23,4609.804,4714.186,4593.519,4698.996,589871900
403,2011-06-24,4696.422,4825.711,4689.26,4789.712,999354900
404,2011-06-27,4787.726,4814.122,4762.169,4796.291,694772200
405,2011-06-28,4802.789,4814.54,4767.451,4810.861,660902000
406,2011-06-29,4811.787,4822.099,4763.487,4766.667,584530800
407,2011-06-30,4762.197,4835.048,4761.417,4815.204,558676600
408,2011-07-01,4834.858,4859.322,4803.58,4835.454,640754100
409,2011-07-04,4855.512,4948.521,4855.512,4948.521,1170586800
410,2011-07-05,4958.134,4958.134,4922.582,4942.997,890316800
411,2011-07-06,4933.089,4961.44,4901.478,4957.3,792104200
412,2011-07-07,4955.705,5014.384,4950.674,4958.416,816473700
413,2011-07-08,4953.471,4984.782,4923.043,4947.318,657540600
414,2011-07-11,4935.057,5014.61,4924.666,5004.463,642746200
415,2011-07-12,4971.765,4986.847,4944.11,4952.965,694685500
416,2011-07-13,4954.38,5032.187,4954.38,5030.011,740938200
417,2011-07-14,5040.275,5045.085,4980.74,5012.491,601678900
418,2011-07-15,4998.198,5043.001,4991.109,5025.644,707495300
419,2011-07-18,5031.999,5081.02,5031.99,5059.434,752966200
420,2011-07-19,5037.962,5037.962,4997.024,5001.716,672755600
421,2011-07-20,5028.458,5039.95,4989.901,5033.695,529383400
422,2011-07-21,5033.97,5069.999,5022.052,5028.868,561298600
423,2011-07-22,5029.986,5079.529,5029.986,5055.748,455754200
424,2011-07-25,5038.136,5044.41,4890.312,4910.152,677961500
425,2011-07-26,4904.746,4919.35,4871.02,4919.3,548664200
426,2011-07-27,4891.013,4974.688,4871.734,4974.688,559255300
427,2011-07-28,4932.543,4968.897,4909.258,4967.381,450982600
428,2011-07-29,4965.068,4976.329,4901.612,4920.166,357347500
429,2011-08-01,4921.44,4935.899,4892.665,4897.752,315230500
430,2011-08-02,4872.242,4872.242,4798.613,4863.287,437053700
431,2011-08-03,4818.021,4902.051,4813.367,4877.665,494196700
432,2011-08-04,4891.539,4924.659,4890.698,4906.94,558776800
433,2011-08-05,4783.865,4870.232,4763.559,4842.857,574505700
434,2011-08-08,4790.86,4845.343,4630.637,4718.237,733467000
435,2011-08-09,4600.87,4752.161,4566.696,4734.52,758886600
436,2011-08-10,4797.907,4832.11,4775.872,4810.566,698830200
437,2011-08-11,4749.341,4921.55,4748.015,4921.09,736372100
438,2011-08-12,4941.859,4967.795,4924.04,4945.588,878514200
439,2011-08-15,4960.237,4977.447,4933.862,4962.676,830581600
440,2011-08-16,4973.007,4980.2,4900.033,4920.407,564435200
441,2011-08-17,4912.484,4942.887,4882.619,4893.034,467416700
442,2011-08-18,4886.542,4895.128,4814.79,4819.301,504744300
443,2011-08-19,4757.016,4805.538,4752.805,4802.647,457804600
444,2011-08-22,4799.487,4819.68,4691.755,4704.096,378310900
445,2011-08-23,4710.662,4753.964,4704.431,4747.129,370627100
446,2011-08-24,4765.828,4795.145,4742.931,4755.904,386434700
447,2011-08-25,4768.104,4855.618,4759.989,4853.193,641458800
448,2011-08-26,4838.761,4860.702,4810.67,4854.114,439778200
449,2011-08-29,4822.495,4845.185,4800.442,4829.662,454589300
450,2011-08-30,4858.197,4891.243,4798.667,4808.84,463498300
451,2011-08-31,4831.508,4842.871,4788.04,4820.033,410623600
452,2011-09-01,4828.634,4841.175,4752.079,4771.957,354416000
453,2011-09-02,4764.924,4778.708,4708.931,4737.095,355068700
454,2011-09-05,4710.139,4724.617,4669.259,4669.487,359709100
455,2011-09-06,4641.5,4664.606,4556.346,4572.441,397877200
456,2011-09-07,4598.173,4666.134,4585.351,4664.867,369207300
457,2011-09-08,4682.134,4684.281,4629.291,4629.445,336263400
458,2011-09-09,4652.175,4687.001,4576.255,4595.948,297819400
459,2011-09-13,4537.97,4550.419,4517.001,4537.812,273420300
460,2011-09-14,4550.926,4565.241,4447.789,4535.984,383063800
461,2011-09-15,4538.979,4584.33,4531.01,4550.529,389508500
462,2011-09-16,4570.535,4583.947,4551.351,4562.532,340247900
463,2011-09-19,4549.976,4549.976,4503.503,4505.566,387266900
464,2011-09-20,4493.828,4517.391,4463.921,4493.791,375686500
465,2011-09-21,4499.348,4620.256,4477.203,4607.376,634245500
466,2011-09-22,4573.332,4597.207,4486.174,4487.38,452050200
467,2011-09-23,4416.21,4466.859,4364.168,4426.116,495276700
468,2011-09-26,4381.993,4452.956,4343.777,4354.727,610002100
469,2011-09-27,4390.407,4441.057,4349.319,4412.821,541694000
470,2011-09-28,4434.384,4441.758,4350.356,4366.132,438150100
471,2011-09-29,4335.065,4382.506,4314.896,4327.969,485931600
472,2011-09-30,4339.817,4369.248,4320.389,4348.548,338485400
473,2011-10-10,4354.611,4368.042,4283.94,4290.731,341945400
474,2011-10-11,4378.297,4392.864,4193.026,4241.21,547949700
475,2011-10-12,4219.926,4382.329,4199.247,4378.308,759223700
476,2011-10-13,4368.654,4436.815,4352.878,4409.7,870017800
477,2011-10-14,4402.824,4412.486,4358.871,4384.917,506963300
478,2011-10-17,4395.341,4460.286,4391.788,4456.775,431495000
479,2011-10-18,4431.77,4460.623,4381.877,4385.681,413471000
480,2011-10-19,4397.002,4427.247,4351.439,4356.655,388229300
481,2011-10-20,4324.532,4332.683,4210.176,4231.937,414907800
482,2011-10-21,4234.249,4255.114,4208.718,4223.771,293640000
483,2011-10-24,4235.969,4332.476,4210.531,4329.202,445131400
484,2011-10-25,4317.428,4421.374,4310.742,4409.058,742446700
485,2011-10-26,4392.801,4506.938,4388.447,4474.072,997792300
486,2011-10-27,4486.023,4510.205,4463.668,4477.622,595724400
487,2011-10-28,4521.678,4564.319,4511.721,4547.674,772004700
488,2011-10-31,4547.57,4559.219,4506.394,4529.018,722466600
489,2011-11-01,4500.27,4585.769,4492.149,4544.752,766946600
490,2011-11-02,4494.931,4618.296,4480.831,4616.948,909988900
491,2011-11-03,4635.12,4669.174,4620.526,4621.417,1175548300
492,2011-11-04,4657.822,4677.574,4614.671,4639.392,771411600
493,2011-11-07,4623.858,4650.866,4590.084,4595.317,611086300
494,2011-11-08,4606.648,4614.518,4555.034,4565.285,646513100
495,2011-11-09,4576.755,4607.384,4533.078,4606.021,735351900
496,2011-11-10,4561.317,4578.262,4542.151,4543.562,668620100
497,2011-11-11,4541.326,4560.082,4518.969,4529.421,496952200
498,2011-11-14,4556.863,4614.483,4556.863,4614.483,601150600
499,2011-11-15,4615.42,4625.323,4563.884,4584.792,651717100
500,2011-11-16,4585.651,4585.651,4473.181,4492.641,834941000
501,2011-11-17,4488.802,4525.935,4486.501,4492.081,455359600
502,2011-11-18,4466.74,4478.547,4403.051,4411.294,562673900
503,2011-11-21,4411.889,4434.726,4392.335,4415.441,426480100
504,2011-11-22,4397.889,4443.798,4393.33,4443.798,480403500
505,2011-11-23,4447.018,4462.473,4402.625,4437.427,413621500
506,2011-11-24,4418.667,4465.749,4407.775,4443.379,428938100
507,2011-11-25,4449.378,4478.614,4432.667,4445.053,339143300
508,2011-11-28,4455.153,4474.005,4431.997,4452.501,358898700
509,2011-11-29,4475.623,4486.692,4446.451,4485.874,396754400
510,2011-11-30,4477.092,4481.784,4353.726,4382.04,517511200
511,2011-12-01,4462.958,4500.31,4425.723,4438.111,691467900
512,2011-12-02,4418.59,4439.466,4376.654,4388.359,415884900
513,2011-12-05,4392.073,4392.511,4275.093,4280.684,422059800
514,2011-12-06,4266.998,4277.414,4217.456,4252.701,374143100
515,2011-12-07,4244.598,4281.997,4238.336,4262.962,314669200
516,2011-12-08,4245.631,4290.908,4200.534,4236.362,391679400
517,2011-12-09,4201.883,4216.449,4146.84,4161.397,373414900
518,2011-12-12,4145.896,4150.325,4095.603,4105.575,313484500
519,2011-12-13,4093.271,4099.496,4033.23,4040.798,534275200
520,2011-12-14,4017.63,4059.541,3991.743,4000.907,360842400
521,2011-12-15,3976.833,3982.782,3925.659,3968.729,487019200
522,2011-12-16,3972.383,4051.891,3972.383,4051.09,507444200
523,2011-12-19,4018.09,4050.937,3953.702,4044.447,562614100
524,2011-12-20,4034.939,4080.624,4018.358,4025.32,458305000
525,2011-12-21,4047.136,4063.121,3968.334,3969.471,475400000
526,2011-12-22,3938.202,3995.713,3898.891,3973.621,469962900
527,2011-12-23,3973.937,4035.253,3960.698,4001.898,446884500
528,2011-12-26,3982.094,3996.056,3929.443,3933.862,421890300
529,2011-12-27,3926.137,3926.137,3833.168,3840.752,414686100
530,2011-12-28,3824.27,3836.655,3769.448,3833.94,483296900
531,2011-12-29,3820.535,3888.702,3813.326,3876.682,449330500
532,2011-12-30,3887.578,3947.81,3887.578,3947.103,506216800
533,2012-01-04,3962.051,3973.685,3838.311,3838.54,465007800
534,2012-01-05,3822.076,3841.975,3770.684,3784.195,617921100
535,2012-01-06,3779.64,3800.48,3741.633,3796.664,449212700
536,2012-01-09,3798.408,3892.131,3740.787,3891.75,522341100
537,2012-01-10,3882.474,4035.023,3873.399,4033.858,1300572800
538,2012-01-11,4021.59,4038.439,3984.261,4000.161,1111181500
539,2012-01-12,3982.86,4032.084,3974.394,3974.394,636466700
540,2012-01-13,3985.514,4001.326,3866.317,3882.404,598328400
541,2012-01-16,3855.814,3855.814,3743.958,3748.008,417835100
542,2012-01-17,3750.707,3920.52,3707.587,3902.457,754910800
543,2012-01-18,3914.317,3936.618,3786.692,3800.597,692311100
544,2012-01-19,3810.067,3907.3,3784.872,3888.941,635584100
545,2012-01-20,3900.915,3987.797,3900.915,3978.706,593895800
546,2012-01-30,3990.822,3991.518,3902.25,3913.951,504975600
547,2012-01-31,3919.897,3938.086,3898.691,3929.603,364564100
548,2012-02-01,3922.549,3993.46,3906.477,3924.575,459035200
549,2012-02-02,3935.071,3968.173,3903.251,3968.045,478756900
550,2012-02-03,3957.689,3999.882,3937.532,3990.499,596312100
551,2012-02-06,3995.176,4033.553,3988.819,4021.002,563218200
552,2012-02-07,4001.319,4002.872,3936.441,3959.09,498552100
553,2012-02-08,3954.636,4055.315,3942.399,4039.938,643659500
554,2012-02-09,4035.326,4076.527,4022.222,4057.64,848787100
555,2012-02-10,4037.813,4093.709,4037.481,4066.022,693405900
556,2012-02-13,4030.543,4129.545,4022.106,4101.459,692024500
557,2012-02-14,4097.691,4115.065,4075.63,4099.868,540225600
558,2012-02-15,4089.68,4162.348,4089.582,4142.839,883930700
559,2012-02-16,4130.245,4149.588,4078.85,4106.418,780201300
560,2012-02-17,4130.243,4144.522,4080.437,4100.398,565563600
561,2012-02-20,4144.378,4149.018,4106.806,4106.806,1059666100
562,2012-02-21,4119.407,4149.725,4083.923,4148.353,979038900
563,2012-02-22,4152.179,4221.843,4148.219,4221.843,1373342900
564,2012-02-23,4216.932,4258.176,4208.153,4248.721,1049874800
565,2012-02-24,4246.469,4303.89,4243.58,4300.176,1030179200
566,2012-02-27,4324.035,4380.759,4324.035,4326.848,1079018900
567,2012-02-28,4329.658,4366.298,4308.271,4339.509,1267042900
568,2012-02-29,4334.666,4367.055,4310.624,4324.718,876884800
569,2012-03-01,4310.742,4354.021,4308.81,4330.932,686113400
570,2012-03-02,4333.757,4403.653,4333.599,4403.277,1093293000
571,2012-03-05,4415.733,4421.836,4364.459,4369.431,1227121400
572,2012-03-06,4355.443,4369.164,4317.518,4337.701,968404400
573,2012-03-07,4305.16,4386.21,4302.578,4351.74,1112066700
574,2012-03-08,4362.846,4395.051,4355.752,4386.029,917806500
575,2012-03-09,4393.538,4467.12,4386.819,4467.12,913076800
576,2012-03-12,4461.099,4470.947,4421.342,4458.168,989771800
577,2012-03-13,4452.698,4501.845,4448.736,4501.845,890238500
578,2012-03-14,4514.523,4527.605,4348.709,4361.607,1414610400
579,2012-03-15,4369.164,4402.601,4340.993,4364.822,1063896200
580,2012-03-16,4375.429,4488.996,4375.429,4488.996,957168500
581,2012-03-19,4481.167,4514.516,4440.534,4472.527,882013700
582,2012-03-20,4457.121,4457.555,4382.748,4384.967,845823600
583,2012-03-21,4398.617,4411.347,4303.927,4346.587,722123900
584,2012-03-22,4340.534,4364.92,4316.437,4339.025,628049500
585,2012-03-23,4333.557,4353.108,4293.599,4310.309,553781100
586,2012-03-26,4299.07,4353.867,4299.07,4353.786,464990700
587,2012-03-27,4337.905,4361.994,4258.332,4260.804,567886000
588,2012-03-28,4239.833,4264.466,4141.519,4154.846,739553600
589,2012-03-29,4143.455,4182.528,4109.623,4133.879,609848900
590,2012-03-30,4136.896,4159.771,4093.508,4114.849,472988900
591,2012-04-05,4111.728,4252.995,4097.27,4244.496,654644100
592,2012-04-06,4243.912,4278.343,4232.344,4276.195,585716600
593,2012-04-09,4263.438,4266.214,4217.351,4241.579,418140300
594,2012-04-10,4237.804,4269.137,4167.829,4268.888,752908400
595,2012-04-11,4224.737,4327.869,4212.295,4286.258,668846900
596,2012-04-12,4283.64,4350.992,4261.585,4349.395,782091800
597,2012-04-13,4357.784,4378.679,4337.166,4354.981,576394000
598,2012-04-16,4334.143,4373.139,4323.652,4350.683,620040500
599,2012-04-17,4347.459,4359.914,4295.68,4296.507,545715800
600,2012-04-18,4307.466,4371.486,4292.664,4366.484,699887500
601,2012-04-19,4366.907,4368.595,4296.388,4320.742,652675700
602,2012-04-20,4314.442,4350.044,4309.924,4348.928,571121200
603,2012-04-23,4355.593,4363.013,4303.344,4321.596,621847500
604,2012-04-24,4305.529,4345.5,4231.203,4302.307,756813100
605,2012-04-25,4299.142,4340.518,4285.277,4339.592,711099300
606,2012-04-26,4352.039,4371.689,4331.737,4359.357,623681800
607,2012-04-27,4355.057,4401.601,4349.928,4387.773,736914000
608,2012-05-02,4428.607,4457.29,4402.573,4446.488,901066300
609,2012-05-03,4443.507,4464.907,4433.961,4461.895,684367900
610,2012-05-04,4460.532,4540.158,4459.805,4539.831,816082600
611,2012-05-07,4527.982,4583.63,4527.356,4583.389,910416100
612,2012-05-08,4582.915,4583.676,4504.556,4558.0,780988900
613,2012-05-09,4512.613,4512.613,4457.474,4470.698,660420000
614,2012-05-10,4471.491,4478.5,4440.016,4451.018,479013400
615,2012-05-11,4443.616,4462.877,4418.257,4422.6,528191000
616,2012-05-14,4439.001,4441.52,4354.517,4356.92,592531800
617,2012-05-15,4331.425,4395.359,4324.839,4393.708,788787500
618,2012-05-16,4386.223,4391.383,4319.186,4320.217,634800000
619,2012-05-17,4332.284,4379.381,4322.863,4369.727,607687000
620,2012-05-18,4344.207,4357.149,4299.437,4316.663,448334400
621,2012-05-21,4309.62,4389.133,4308.754,4364.217,424918500
622,2012-05-22,4382.219,4425.003,4382.219,4425.003,518431400
623,2012-05-23,4417.337,4430.875,4377.828,4405.127,583317600
624,2012-05-24,4393.603,4404.428,4282.048,4301.044,674265200
625,2012-05-25,4297.509,4302.073,4222.78,4236.366,598019400
626,2012-05-28,4214.844,4321.35,4193.901,4320.17,711300900
627,2012-05-29,4327.806,4370.425,4321.211,4356.747,1054027600
628,2012-05-30,4360.042,4379.65,4344.557,4359.612,925127300
629,2012-05-31,4331.629,4395.154,4325.394,4382.675,765662900
630,2012-06-01,4384.779,4424.492,4369.933,4384.961,596005700
631,2012-06-04,4327.986,4362.56,4292.422,4292.506,656702000
632,2012-06-05,4305.506,4329.33,4288.92,4305.158,469494400
633,2012-06-06,4308.401,4322.029,4262.779,4280.552,402870900
634,2012-06-07,4311.785,4322.099,4251.498,4265.016,486902800
635,2012-06-08,4295.392,4295.833,4246.074,4253.014,473844100
636,2012-06-11,4256.763,4292.655,4235.858,4283.515,493715000
637,2012-06-12,4262.868,4276.16,4247.77,4258.68,451443500
638,2012-06-13,4268.896,4348.806,4268.896,4348.392,547910500
639,2012-06-14,4344.176,4403.217,4337.1,4368.839,525639000
640,2012-06-15,4353.719,4365.443,4298.127,4338.294,438546600
641,2012-06-18,4328.92,4384.82,4328.92,4363.172,559042500
642,2012-06-19,4350.924,4355.847,4305.137,4312.873,438786700
643,2012-06-20,4318.306,4330.802,4293.53,4298.613,324648900
644,2012-06-21,4295.3,4295.448,4224.576,4244.168,395364500
645,2012-06-25,4229.844,4249.676,4173.134,4175.26,425442700
646,2012-06-26,4159.389,4174.577,4139.9,4163.936,366493300
647,2012-06-27,4165.181,4193.898,4157.207,4162.972,385012000
648,2012-06-28,4169.346,4174.135,4121.881,4123.755,385005600
649,2012-06-29,4112.048,4177.204,4109.978,4171.727,488105100
650,2012-07-02,4183.59,4200.574,4129.236,4178.409,696189500
651,2012-07-03,4171.708,4256.859,4166.313,4238.353,586393800
652,2012-07-04,4249.571,4259.68,4222.171,4236.135,429560900
653,2012-07-05,4199.722,4203.238,4162.888,4173.491,396067400
654,2012-07-06,4187.089,4321.855,4187.089,4307.603,652234400
655,2012-07-09,4296.92,4338.403,4252.819,4254.754,789513100
656,2012-07-10,4245.218,4283.956,4231.201,4237.387,475145500
657,2012-07-11,4233.231,4289.889,4218.941,4289.84,507195900
658,2012-07-12,4285.56,4353.91,4263.235,4315.816,764651500
659,2012-07-13,4303.726,4339.307,4287.01,4323.991,529689700
660,2012-07-16,4316.418,4321.189,4213.526,4213.885,766010100
661,2012-07-17,4203.113,4214.025,4157.856,4180.924,496127500
662,2012-07-18,4180.518,4202.797,4096.073,4162.38,580021800
663,2012-07-19,4153.199,4207.658,4144.561,4179.678,647503600
664,2012-07-20,4160.321,4186.95,4114.123,4120.305,628065000
665,2012-07-23,4085.331,4091.842,4062.046,4073.176,447397900
666,2012-07-24,4053.359,4149.57,4053.359,4117.13,385715000
667,2012-07-25,4109.632,4135.115,4099.012,4107.477,353100400
668,2012-07-26,4103.002,4123.601,4064.635,4066.044,499353000
669,2012-07-27,4069.12,4082.952,4032.313,4058.335,376194900
670,2012-07-30,4052.353,4085.707,4044.538,4049.009,353381300
671,2012-07-31,4045.842,4067.911,4019.801,4021.463,398126200
672,2012-08-01,4019.273,4080.941,4019.02,4042.898,344922100
673,2012-08-02,4036.573,4045.191,3975.344,3992.504,351996400
674,2012-08-03,3994.278,4027.19,3964.718,4026.58,454264000
675,2012-08-06,4013.119,4087.288,4009.873,4080.929,502870900
676,2012-08-07,4074.806,4107.343,4072.509,4099.799,446931300
677,2012-08-08,4102.624,4107.242,4057.206,4074.595,468173400
678,2012-08-09,4071.97,4163.677,4069.978,4163.15,499375100
679,2012-08-10,4132.933,4137.943,4092.373,4103.796,402738000
680,2012-08-13,4097.99,4108.381,4070.429,4071.339,476549800
681,2012-08-14,4070.424,4079.375,4008.909,4066.396,562220000
682,2012-08-15,4055.348,4059.218,4027.104,4047.512,600051600
683,2012-08-16,4034.149,4048.538,3990.893,3994.097,463490500
684,2012-08-17,3992.205,3998.554,3902.301,3930.787,443249800
685,2012-08-20,3909.005,3948.216,3885.235,3942.169,420786100
686,2012-08-21,3943.719,4010.64,3943.399,3976.701,464484600
687,2012-08-22,3981.713,3982.076,3907.643,3925.567,477768800
688,2012-08-23,3926.19,3940.585,3884.394,3911.522,374035300
689,2012-08-24,3897.438,3917.676,3887.958,3897.071,383106800
690,2012-08-27,3889.669,3889.669,3852.302,3855.038,379607300
691,2012-08-28,3852.868,3864.441,3828.162,3835.258,357216200
692,2012-08-29,3822.159,3842.248,3789.815,3789.815,317114200
693,2012-08-30,3772.719,3795.102,3709.954,3749.865,390772200
694,2012-08-31,3742.842,3776.589,3741.358,3759.852,296885100
695,2012-09-03,3761.868,3835.456,3757.626,3821.469,476597600
696,2012-09-04,3862.897,3870.838,3812.537,3822.723,437713500
697,2012-09-05,3815.42,3842.767,3804.076,3834.096,424289500
698,2012-09-06,3838.582,3854.807,3809.329,3837.347,357985200
699,2012-09-07,3863.766,4024.331,3862.061,3971.257,942235500
700,2012-09-10,3976.622,4003.955,3964.113,3983.891,578233800
701,2012-09-11,3971.324,3971.901,3940.129,3971.639,463184300
702,2012-09-12,3989.578,4015.709,3951.388,3978.128,591131700
703,2012-09-13,3974.524,3992.419,3947.924,3948.624,460317700
704,2012-09-14,3972.803,3998.261,3934.018,3978.029,762177200
705,2012-09-17,3976.121,3985.721,3894.694,3894.932,599000700
706,2012-09-18,3884.384,3896.297,3851.713,3861.486,379200700
707,2012-09-19,3859.889,3863.608,3818.65,3847.632,447389700
708,2012-09-20,3828.289,3830.545,3767.633,3768.904,490311100
709,2012-09-21,3759.62,3793.561,3746.528,3767.745,441503800
710,2012-09-24,3744.982,3803.189,3725.309,3787.793,363926400
711,2012-09-25,3783.232,3826.595,3772.517,3811.824,245256500
712,2012-09-26,3816.128,3832.696,3758.029,3765.271,316975800
713,2012-09-27,3764.761,3884.333,3762.78,3859.096,476127900
714,2012-09-28,3835.392,3961.439,3834.715,3956.332,637705900
715,2012-10-08,3959.331,3968.657,3888.22,3908.276,386477300
716,2012-10-09,3930.804,3996.711,3930.652,3986.31,563178000
717,2012-10-10,3979.252,4011.908,3972.168,4000.98,669621600
718,2012-10-11,3982.893,3997.003,3959.75,3965.142,512724500
719,2012-10-12,3981.36,4013.56,3937.47,3962.801,423129800
720,2012-10-15,3978.385,3991.825,3946.363,3971.112,379909700
721,2012-10-16,3969.726,4032.072,3957.801,4000.27,382763400
722,2012-10-17,4012.212,4014.719,3965.846,3992.782,389441100
723,2012-10-18,4006.891,4057.863,4004.478,4048.736,631366600
724,2012-10-19,4061.91,4079.427,4039.144,4050.702,428159400
725,2012-10-22,4039.477,4072.769,4022.415,4061.116,410005100
726,2012-10-23,4057.801,4058.413,3992.902,3997.772,440777400
727,2012-10-24,3990.225,4022.479,3987.619,4002.674,606326600
728,2012-10-25,4003.282,4019.645,3973.679,3979.687,531531400
729,2012-10-26,3983.776,3987.525,3882.207,3903.4,485670000
730,2012-10-29,3890.492,3911.629,3865.787,3906.782,318766000
731,2012-10-30,3906.125,3943.564,3895.955,3908.884,355445000
732,2012-10-31,3913.721,3953.629,3906.928,3951.249,476605600
733,2012-11-01,3952.341,4027.625,3950.1,4020.935,513946300
734,2012-11-02,4021.808,4025.082,3987.369,4017.643,372383000
735,2012-11-05,4008.386,4030.926,3971.202,3987.298,441519400
736,2012-11-06,3985.385,3988.438,3918.311,3949.304,566307900
737,2012-11-07,3944.725,3971.804,3937.629,3955.017,400823300
738,2012-11-08,3927.648,3944.441,3903.03,3903.03,370395100
739,2012-11-09,3896.015,3913.958,3880.024,3893.814,327885500
740,2012-11-12,3895.511,3909.869,3846.27,3870.568,454685400
741,2012-11-13,3869.204,3869.204,3799.285,3807.674,399560400
742,2012-11-14,3806.531,3829.59,3794.149,3829.59,300220300
743,2012-11-15,3807.152,3825.547,3782.69,3789.046,339792000
744,2012-11-16,3781.141,3784.403,3717.769,3747.944,348079700
745,2012-11-19,3743.129,3743.44,3615.42,3675.4,332127100
746,2012-11-20,3671.512,3701.79,3660.957,3672.446,353840700
747,2012-11-21,3675.909,3705.338,3618.996,3697.08,449003700
748,2012-11-22,3638.104,3665.049,3619.97,3651.494,329519800
749,2012-11-23,3651.145,3705.6,3650.797,3698.494,343161300
750,2012-11-26,3688.704,3696.955,3636.008,3645.055,332859400
751,2012-11-27,3632.539,3643.274,3610.572,3613.892,339884600
752,2012-11-28,3601.157,3604.86,3571.637,3578.457,327643100
753,2012-11-29,3577.299,3605.053,3577.299,3586.193,288552600
754,2012-11-30,3584.523,3614.768,3567.263,3612.42,425183700
755,2012-12-03,3600.064,3610.176,3494.546,3498.325,510091300
756,2012-12-04,3473.729,3526.905,3460.621,3511.331,433193000
757,2012-12-05,3496.524,3604.903,3482.316,3587.837,849756200
758,2012-12-06,3582.127,3589.298,3512.823,3559.226,518926900
759,2012-12-07,3557.895,3615.751,3546.706,3608.372,820660300
760,2012-12-10,3606.466,3645.71,3585.455,3638.398,762136700
761,2012-12-11,3625.582,3659.163,3618.771,3638.058,619043700
762,2012-12-12,3646.841,3662.192,3621.787,3661.422,456881100
763,2012-12-13,3649.931,3671.842,3619.061,3620.615,544943900
764,2012-12-14,3617.182,3738.602,3610.577,3731.79,1109482200
765,2012-12-17,3730.088,3779.968,3716.174,3766.917,948964700
766,2012-12-18,3762.951,3810.378,3741.726,3779.739,847313700
767,2012-12-19,3769.91,3828.922,3762.585,3813.428,773859900
768,2012-12-20,3801.983,3824.987,3774.282,3824.532,644176600
769,2012-12-21,3825.186,3881.028,3818.23,3834.546,818878200
770,2012-12-24,3818.077,3829.824,3772.12,3796.258,707402700
771,2012-12-25,3787.996,3882.347,3775.415,3875.32,1043365300
772,2012-12-26,3870.707,3894.811,3854.007,3894.204,955622700
773,2012-12-27,3903.822,3922.211,3869.311,3898.183,834084300
774,2012-12-28,3899.78,3947.295,3898.13,3943.288,696607100
775,2012-12-31,3950.086,3976.803,3923.046,3976.803,862041100
776,2013-01-04,3994.492,3998.543,3906.801,3953.199,949792700
777,2013-01-07,3941.384,3971.429,3925.563,3970.608,925069800
778,2013-01-08,3964.012,4014.982,3939.904,4001.49,793492500
779,2013-01-09,3995.899,4054.804,3994.995,4039.237,788386000
780,2013-01-10,4036.954,4076.456,4010.807,4035.045,721047900
781,2013-01-11,4038.962,4056.349,3976.369,3995.887,835741100
782,2013-01-14,3977.705,4111.759,3967.607,4104.079,1005497300
783,2013-01-15,4109.461,4149.6,4097.141,4135.073,1074227400
784,2013-01-16,4107.734,4136.061,4047.553,4096.899,1180349000
785,2013-01-17,4085.843,4114.83,4049.258,4063.569,727398800
786,2013-01-18,4087.401,4157.628,4060.617,4138.464,938778700
787,2013-01-21,4144.129,4144.191,4092.646,4106.899,848285500
788,2013-01-22,4101.323,4101.323,4002.971,4056.503,1070852100
789,2013-01-23,4036.09,4077.817,4031.755,4077.817,791099100
790,2013-01-24,4072.885,4122.328,3990.179,4013.127,1015043300
791,2013-01-25,3998.852,4024.198,3990.77,4001.403,762873300
792,2013-01-28,3997.316,4032.899,3997.316,4032.421,966338200
793,2013-01-29,4026.203,4032.262,3987.904,4032.17,1032222900
794,2013-01-30,4033.328,4043.26,4008.323,4037.981,965564300
795,2013-01-31,4040.229,4045.25,3990.821,4008.49,827399600
796,2013-02-01,3996.506,4053.102,3995.063,4052.105,897223600
797,2013-02-04,4053.663,4064.166,4001.036,4019.144,1019761300
798,2013-02-05,4008.239,4119.78,4003.308,4119.649,936929400
799,2013-02-06,4123.565,4125.694,4089.526,4096.819,670821000
800,2013-02-07,4091.852,4137.718,4073.824,4130.455,677833800
801,2013-02-08,4129.573,4232.727,4129.573,4211.379,918755000
802,2013-02-18,4229.991,4236.018,4137.462,4161.842,836757100
803,2013-02-19,4162.014,4162.014,4068.42,4081.168,876784200
804,2013-02-20,4078.045,4145.017,4073.405,4137.098,735050400
805,2013-02-21,4092.445,4115.406,4020.993,4070.264,1024696300
806,2013-02-22,4063.86,4098.273,4061.841,4072.858,788247000
807,2013-02-25,4081.369,4087.065,4044.056,4060.449,614708100
808,2013-02-26,4042.983,4077.664,3976.98,3985.647,808959000
809,2013-02-27,3988.677,4018.426,3961.648,3994.432,639458800
810,2013-02-28,4008.705,4066.693,3977.783,4060.463,768353100
811,2013-03-01,4055.295,4081.584,4007.712,4061.651,733266900
812,2013-03-04,4014.652,4047.919,3937.439,3966.515,982770000
813,2013-03-05,3973.47,4024.65,3968.14,4021.955,735170200
814,2013-03-06,4037.029,4072.04,4017.782,4072.04,1177623500
815,2013-03-07,4059.109,4118.532,4024.87,4055.808,1199078300
816,2013-03-08,4063.51,4081.578,4039.005,4042.171,640973800
817,2013-03-11,4025.872,4043.636,3986.979,4028.323,561940000
818,2013-03-12,4027.18,4061.045,3931.765,3970.233,697249800
819,2013-03-13,3961.343,3974.254,3891.916,3917.828,584037400
820,2013-03-14,3902.408,3948.61,3897.031,3924.0,423503200
821,2013-03-15,3916.355,4002.269,3888.723,3925.582,621074400
822,2013-03-18,3898.581,3919.883,3863.021,3869.382,644447600
823,2013-03-19,3873.711,3887.022,3829.553,3861.252,495177200
824,2013-03-20,3864.063,3977.384,3864.063,3975.816,800285600
825,2013-03-21,3979.006,4011.588,3963.275,3998.745,760074400
826,2013-03-22,3993.266,4013.268,3986.524,4004.208,592436500
827,2013-03-25,4015.105,4030.42,3965.929,3976.253,506577600
828,2013-03-26,3969.523,3980.493,3921.45,3971.766,528667400
829,2013-03-27,3968.083,4012.507,3944.04,3966.74,607093800
830,2013-03-28,3934.161,3942.811,3895.108,3924.218,671467400
831,2013-03-29,3926.108,3945.017,3884.04,3897.655,416010300
832,2013-04-01,3888.364,3909.805,3868.384,3894.553,665863100
833,2013-04-02,3903.552,3938.934,3855.123,3872.159,634251900
834,2013-04-03,3890.682,3906.055,3832.731,3853.074,504079100
835,2013-04-08,3815.26,3893.321,3785.762,3889.549,848183100
836,2013-04-09,3898.388,3923.555,3884.692,3901.335,773072500
837,2013-04-10,3895.637,3943.745,3886.893,3915.615,676428700
838,2013-04-11,3935.839,3937.572,3895.14,3900.402,552506400
839,2013-04-12,3896.332,3926.92,3889.064,3907.967,573626700
840,2013-04-15,3904.112,3913.317,3865.415,3879.082,567119900
841,2013-04-16,3856.209,3904.765,3843.945,3902.667,513396000
842,2013-04-17,3906.259,3954.457,3905.053,3953.123,486775500
843,2013-04-18,3936.09,3997.601,3925.786,3961.94,412660700
844,2013-04-19,3972.722,4048.467,3968.146,4034.007,717164100
845,2013-04-22,4021.776,4038.654,3990.966,4005.805,814957400
846,2013-04-23,4008.422,4008.422,3906.755,3912.896,750952800
847,2013-04-24,3914.193,3988.982,3904.061,3967.009,889421100
848,2013-04-25,3960.914,3991.549,3926.645,3935.481,780561600
849,2013-04-26,3950.081,3969.849,3881.461,3902.655,671504900
850,2013-05-02,3879.847,3898.211,3850.067,3893.872,605190400
851,2013-05-03,3899.164,3983.517,3899.164,3955.355,722513800
852,2013-05-06,3963.772,4032.448,3963.772,4032.122,754285500
853,2013-05-07,4022.603,4076.273,4010.808,4074.018,733919700
854,2013-05-08,4097.995,4121.974,4069.915,4104.272,935785200
855,2013-05-09,4104.964,4134.65,4091.643,4118.58,942525700
856,2013-05-10,4104.268,4146.346,4094.787,4133.189,739707900
857,2013-05-13,4132.688,4146.131,4072.229,4105.066,808065400
858,2013-05-14,4097.593,4098.052,3990.762,4020.826,880342600
859,2013-05-15,4005.594,4051.735,4005.004,4051.735,750376300
860,2013-05-16,4039.716,4109.019,4011.083,4098.171,967247100
861,2013-05-17,4092.813,4143.698,4077.725,4139.46,1012540300
862,2013-05-20,4145.746,4192.922,4134.844,4184.37,1175427300
863,2013-05-21,4186.072,4200.167,4165.447,4196.478,1063275000
864,2013-05-22,4189.728,4225.36,4184.411,4220.113,1159558300
865,2013-05-23,4198.988,4243.078,4157.976,4172.109,1169126300
866,2013-05-24,4183.883,4212.284,4147.827,4177.788,842310000
867,2013-05-27,4178.972,4197.514,4162.74,4190.722,861626900
868,2013-05-28,4193.31,4236.954,4160.769,4231.77,881747600
869,2013-05-29,4241.308,4290.939,4241.307,4257.041,1103305600
870,2013-05-30,4249.101,4253.479,4208.119,4228.03,919499400
871,2013-05-31,4230.432,4241.95,4169.648,4171.685,821252900
872,2013-06-03,4178.717,4199.368,4160.526,4174.603,775068700
873,2013-06-04,4172.653,4172.852,4089.705,4101.702,1049458700
874,2013-06-05,4103.78,4112.1,4081.577,4111.727,615356600
875,2013-06-06,4100.622,4130.175,4083.406,4091.124,776495600
876,2013-06-07,4062.792,4080.231,3973.458,3995.933,843428100
877,2013-06-13,3943.814,3943.814,3844.574,3887.842,811198600
878,2013-06-14,3890.249,3923.609,3876.84,3918.524,694493200
879,2013-06-17,3922.344,3929.019,3877.282,3881.544,631477800
880,2013-06-18,3913.32,3949.214,3880.312,3946.073,734199200
881,2013-06-19,3930.489,3963.478,3890.377,3961.658,696342000
882,2013-06-20,3939.791,3951.222,3847.982,3852.267,735563300
883,2013-06-21,3790.495,3881.861,3770.687,3857.795,683339200
884,2013-06-24,3846.98,3847.054,3660.684,3682.835,982405900
885,2013-06-25,3640.238,3719.72,3476.451,3716.993,1115862700
886,2013-06-26,3719.94,3761.376,3684.27,3752.219,888394100
887,2013-06-27,3758.24,3800.271,3718.918,3721.243,748569200
888,2013-06-28,3703.544,3809.154,3696.12,3752.372,833520300
889,2013-07-01,3747.083,3800.39,3703.558,3799.414,786140700
890,2013-07-02,3801.332,3857.827,3778.858,3844.543,830424300
891,2013-07-03,3844.231,3854.87,3790.575,3842.848,870990200
892,2013-07-04,3827.132,3911.627,3806.665,3874.357,870178500
893,2013-07-05,3881.382,3915.066,3867.59,3867.742,713320800
894,2013-07-08,3821.49,3855.383,3770.812,3795.111,686749600
895,2013-07-09,3790.838,3810.507,3755.63,3777.302,479676900
896,2013-07-10,3774.123,3848.076,3764.466,3848.076,759328500
897,2013-07-11,3831.03,3959.869,3811.293,3920.918,1348694800
898,2013-07-12,3912.944,3943.54,3854.474,3856.82,1004956400
899,2013-07-15,3886.441,3932.288,3865.853,3911.297,866477000
900,2013-07-16,3911.465,3954.363,3891.326,3953.254,966463600
901,2013-07-17,3943.192,3945.021,3871.523,3873.502,883767100
902,2013-07-18,3859.413,3872.472,3814.679,3828.081,713207200
903,2013-07-19,3827.859,3834.821,3736.957,3736.957,1252127100
904,2013-07-22,3710.801,3767.448,3697.434,3766.17,791616300
905,2013-07-23,3783.237,3871.142,3771.963,3861.849,1099723000
906,2013-07-24,3858.93,3894.187,3817.539,3869.114,979811100
907,2013-07-25,3876.198,3899.423,3827.263,3861.968,909056300
908,2013-07-26,3843.144,3866.607,3811.132,3845.004,779625400
909,2013-07-29,3819.319,3819.319,3758.089,3765.179,735843800
910,2013-07-30,3773.277,3811.743,3721.999,3761.515,674099000
911,2013-07-31,3781.32,3834.264,3759.591,3768.341,703536300
912,2013-08-01,3793.399,3841.11,3781.183,3838.072,778202000
913,2013-08-02,3859.1,3880.612,3839.703,3844.265,787778100
914,2013-08-05,3862.473,3914.604,3849.95,3914.067,897659400
915,2013-08-06,3910.239,4014.512,3900.225,3998.411,1586011100
916,2013-08-07,4001.451,4042.128,3984.815,3991.408,1265856000
917,2013-08-08,3986.369,4024.404,3985.404,4002.228,992819400
918,2013-08-09,4019.767,4050.65,3957.825,4004.573,955691000
919,2013-08-12,4026.096,4065.463,4017.757,4064.675,1063653600
920,2013-08-13,4063.437,4068.721,4024.838,4043.308,883252600
921,2013-08-14,4060.281,4105.42,4029.643,4044.036,1185673800
922,2013-08-15,4047.515,4054.512,3995.584,3998.498,793996000
923,2013-08-16,3989.264,4092.019,3934.213,3942.428,1175188600
924,2013-08-19,3937.477,4014.067,3935.175,4008.827,817546400
925,2013-08-20,4001.182,4037.05,3973.525,3988.615,869535400
926,2013-08-21,4009.175,4009.298,3957.885,3980.029,875457800
927,2013-08-22,3972.916,4008.886,3964.249,3989.543,839760400
928,2013-08-23,4006.736,4010.78,3908.312,3975.043,1178811700
929,2013-08-26,3977.683,4041.605,3966.948,4037.263,1027768300
930,2013-08-27,4032.583,4050.725,4013.697,4050.463,1002281000
931,2013-08-28,4029.548,4049.386,3991.321,4019.612,1172415400
932,2013-08-29,4029.045,4031.267,3980.454,4001.322,906891700
933,2013-08-30,3993.711,4018.984,3964.093,3980.321,1194190400
934,2013-09-02,3980.205,3989.012,3934.74,3962.002,1222196400
935,2013-09-03,3968.868,4023.197,3968.49,4019.668,1183133100
936,2013-09-04,4020.027,4031.604,4006.656,4020.722,1481658100
937,2013-09-05,4014.184,4036.994,3990.888,4033.48,1128056000
938,2013-09-06,4023.28,4050.225,4016.782,4042.608,1219961200
939,2013-09-09,4065.677,4115.189,4058.0,4098.331,1724020000
940,2013-09-10,4103.61,4163.703,4098.31,4161.859,1765163800
941,2013-09-11,4177.133,4199.681,4143.093,4186.806,2213541800
942,2013-09-12,4182.784,4218.59,4175.021,4201.756,1702692800
943,2013-09-13,4221.733,4246.237,4220.665,4229.673,1599452000
944,2013-09-16,4230.499,4251.301,4207.837,4225.346,1473119700
945,2013-09-17,4220.418,4228.721,4169.312,4170.444,1569886300
946,2013-09-18,4151.175,4185.688,4134.737,4179.576,1219878900
947,2013-09-23,4201.522,4310.622,4194.219,4310.194,1583572700
948,2013-09-24,4326.893,4376.749,4292.696,4371.756,1918405200
949,2013-09-25,4359.686,4391.07,4333.789,4359.628,1960957200
950,2013-09-26,4338.056,4348.669,4247.692,4261.304,1652688400
951,2013-09-27,4251.319,4300.189,4249.628,4264.408,1466733600
952,2013-09-30,4279.276,4347.01,4277.657,4345.694,1260391900
953,2013-10-08,4368.768,4427.989,4351.475,4393.263,1773686800
954,2013-10-09,4372.629,4444.779,4357.185,4443.987,1544335400
955,2013-10-10,4448.557,4501.461,4427.074,4462.19,2079382800
956,2013-10-11,4477.517,4520.808,4460.446,4511.883,2009296400
957,2013-10-14,4521.106,4601.749,4520.599,4577.257,2012517600
958,2013-10-15,4572.349,4593.769,4534.101,4578.026,1544241200
959,2013-10-16,4559.68,4565.931,4440.986,4473.883,1638590600
960,2013-10-17,4483.469,4501.882,4415.079,4434.237,1362829500
961,2013-10-18,4438.538,4496.469,4420.301,4483.462,1075902100
962,2013-10-21,4504.886,4644.296,4501.318,4642.41,1746073200
963,2013-10-22,4642.13,4651.618,4541.628,4558.905,1962248000
964,2013-10-23,4556.35,4584.52,4414.4,4439.191,1650797100
965,2013-10-24,4420.081,4484.933,4408.407,4440.772,1158452900
966,2013-10-25,4442.67,4469.81,4284.38,4317.917,1509149500
967,2013-10-28,4309.57,4328.452,4271.288,4301.014,1324843600
968,2013-10-29,4300.706,4349.299,4163.491,4274.934,1875657200
969,2013-10-30,4271.228,4379.572,4257.704,4369.797,1572514800
970,2013-10-31,4309.357,4316.283,4254.877,4257.736,1510348100
971,2013-11-01,4234.48,4268.193,4188.933,4239.747,1178844000
972,2013-11-04,4254.723,4289.66,4243.964,4260.079,913190600
973,2013-11-05,4226.374,4308.306,4183.346,4305.547,1169669500
974,2013-11-06,4289.055,4299.654,4221.059,4221.899,1156809400
975,2013-11-07,4205.532,4213.347,4139.211,4168.011,1058966900
976,2013-11-08,4134.342,4179.342,4122.429,4131.81,989549100
977,2013-11-11,4127.017,4184.801,4115.016,4155.481,811294100
978,2013-11-12,4156.48,4217.6,4140.241,4205.031,1037943200
979,2013-11-13,4173.421,4176.455,4120.463,4123.107,1055516400
980,2013-11-14,4124.699,4197.891,4102.418,4195.609,1133355300
981,2013-11-15,4191.172,4332.659,4190.899,4266.735,1451119000
982,2013-11-18,4311.768,4365.243,4299.999,4364.969,1482636800
983,2013-11-19,4364.361,4382.035,4314.366,4334.774,1219079300
984,2013-11-20,4365.602,4376.055,4316.105,4350.896,1188119400
985,2013-11-21,4331.163,4347.469,4287.276,4331.302,1496012900
986,2013-11-22,4341.481,4357.764,4300.852,4311.237,1104118400
987,2013-11-25,4279.161,4350.193,4275.778,4304.628,972835400
988,2013-11-26,4292.787,4321.847,4280.334,4300.824,829877200
989,2013-11-27,4293.312,4348.835,4282.522,4328.011,935712700
990,2013-11-28,4335.017,4414.614,4335.017,4381.324,1280441500
991,2013-11-29,4381.27,4394.911,4359.402,4385.096,899871800
992,2013-12-02,4308.786,4350.624,4212.379,4215.534,1360087900
993,2013-12-03,4201.684,4297.795,4197.014,4290.784,927986000
994,2013-12-04,4288.959,4407.086,4282.185,4391.699,1363129200
995,2013-12-05,4403.975,4426.617,4377.121,4400.195,1341968400
996,2013-12-06,4394.111,4417.693,4389.079,4408.909,919052500
997,2013-12-09,4429.689,4442.539,4397.09,4437.778,1032552100
998,2013-12-10,4456.262,4489.113,4448.692,4469.527,1313732700
999,2013-12-11,4442.515,4455.38,4391.965,4419.447,1032811500
1000,2013-12-12,4412.718,4446.788,4406.956,4418.444,786571700
1001,2013-12-13,4371.176,4452.156,4365.764,4435.48,718898900
1002,2013-12-16,4429.438,4432.493,4332.696,4337.119,1106533700
1003,2013-12-17,4332.926,4340.834,4269.433,4273.411,712384500
1004,2013-12-18,4271.058,4290.061,4255.951,4271.116,588437400
1005,2013-12-19,4284.25,4300.083,4233.161,4234.64,609488500
1006,2013-12-20,4243.226,4252.589,4167.199,4173.742,906523800
1007,2013-12-23,4183.302,4192.916,4133.38,4184.814,609571900
1008,2013-12-24,4201.012,4248.387,4171.942,4205.979,646596600
1009,2013-12-25,4213.589,4252.978,4190.566,4243.86,633884200
1010,2013-12-26,4233.758,4248.194,4158.149,4158.329,719187200
1011,2013-12-27,4159.744,4254.486,4155.61,4230.187,762503400
1012,2013-12-30,4242.144,4251.272,4216.435,4229.762,668527700
1013,2013-12-31,4199.414,4272.608,4194.245,4270.768,691964700
1014,2014-01-02,4257.133,4262.282,4220.945,4240.413,630994500
1015,2014-01-03,4219.219,4232.338,4167.101,4186.681,880802100
1016,2014-01-06,4170.49,4170.49,4060.668,4072.361,872996300
1017,2014-01-07,4047.155,4100.98,4041.255,4086.866,615954900
1018,2014-01-08,4090.476,4138.766,4087.199,4122.935,808680500
1019,2014-01-09,4105.765,4150.333,4060.517,4065.471,991809500
1020,2014-01-10,4052.225,4086.34,4042.242,4057.029,717836200
1021,2014-01-13,4057.479,4090.931,4008.727,4031.079,644025000
1022,2014-01-14,4033.212,4108.847,4032.108,4108.725,966158500
1023,2014-01-15,4100.111,4135.064,4083.232,4116.537,918494500
1024,2014-01-16,4115.383,4131.102,4093.729,4104.768,846946500
1025,2014-01-17,4087.409,4094.731,4014.786,4018.207,677737500
1026,2014-01-20,4012.83,4042.041,3990.31,4014.954,657942500
1027,2014-01-21,4011.439,4059.303,4011.439,4049.83,651910700
1028,2014-01-22,4056.107,4170.456,4050.515,4169.471,1163458700
1029,2014-01-23,4179.741,4204.031,4173.82,4182.912,1000227100
1030,2014-01-24,4167.106,4214.695,4160.67,4201.338,963432300
1031,2014-01-27,4178.908,4207.199,4149.143,4172.525,1946821600
1032,2014-01-28,4176.555,4194.168,4115.205,4137.416,1387321600
1033,2014-01-29,4153.533,4166.407,4108.713,4124.351,1101943300
1034,2014-01-30,4124.056,4124.056,4046.987,4058.532,968382000
1035,2014-02-07,4025.081,4098.067,4007.808,4096.843,1117439100
1036,2014-02-10,4120.586,4225.405,4120.586,4219.428,1536492800
1037,2014-02-11,4227.023,4241.683,4185.204,4217.517,1504594000
1038,2014-02-12,4216.249,4247.365,4189.554,4246.915,1292808700
1039,2014-02-13,4254.034,4287.938,4227.322,4232.152,1461217600
1040,2014-02-14,4225.905,4295.771,4225.905,4295.771,1154194600
1041,2014-02-17,4319.263,4349.394,4282.8,4349.394,1618930900
1042,2014-02-18,4346.701,4346.701,4286.2,4320.16,1675209700
1043,2014-02-19,4318.784,4358.642,4308.067,4358.367,1759145800
1044,2014-02-20,4372.848,4405.531,4315.128,4318.154,1615542600
1045,2014-02-21,4307.574,4319.719,4250.384,4278.972,1160073600
1046,2014-02-24,4248.048,4248.048,4118.52,4170.902,1512507000
1047,2014-02-25,4176.503,4187.322,3999.498,4019.695,1902182600
1048,2014-02-26,4000.694,4021.626,3952.619,4003.167,1709735200
1049,2014-02-27,4022.314,4039.411,3925.927,3937.012,1443907200
1050,2014-02-28,3926.478,4037.925,3921.31,4035.861,1229397900
1051,2014-03-03,4021.547,4100.201,4011.43,4095.202,1074682600
1052,2014-03-04,4066.669,4080.909,4022.043,4052.721,981274500
1053,2014-03-05,4062.614,4078.245,4033.936,4052.229,1015027500
1054,2014-03-06,4042.431,4068.596,3991.271,4060.811,848121900
1055,2014-03-07,4056.961,4092.07,4042.351,4070.944,873657300
1056,2014-03-10,4038.682,4059.11,3959.279,3961.891,1071923700
1057,2014-03-11,3947.486,4024.572,3942.145,4003.111,894506700
1058,2014-03-12,3985.376,4020.103,3938.13,3987.189,1085398200
1059,2014-03-13,3987.317,4066.395,3987.263,4066.239,921253900
1060,2014-03-14,4045.295,4050.071,4006.218,4028.806,852458400
1061,2014-03-17,4043.818,4075.444,4027.678,4074.414,790139500
1062,2014-03-18,4082.499,4124.358,4074.346,4088.992,830563400
1063,2014-03-19,4076.581,4076.581,4008.587,4028.013,1031499500
1064,2014-03-20,4017.187,4036.765,3903.231,3905.163,924655600
1065,2014-03-21,3885.8,4015.087,3858.838,4004.75,1010664900
1066,2014-03-24,4004.699,4018.249,3977.667,4011.495,942296500
1067,2014-03-25,3999.496,4036.519,3977.646,4013.71,1120606400
1068,2014-03-26,4017.124,4032.577,3997.426,3999.347,739978700
1069,2014-03-27,3994.402,3995.221,3934.473,3940.05,756039300
1070,2014-03-28,3950.612,3978.242,3926.638,3935.821,906234600
1071,2014-03-31,3948.149,3977.62,3914.001,3935.8,752058700
1072,2014-04-01,3926.303,4004.259,3918.882,3995.559,679170900
1073,2014-04-02,3997.846,4014.839,3982.997,4001.635,760704200
1074,2014-04-03,4015.126,4020.485,3972.325,3982.041,733862500
1075,2014-04-04,3974.05,4028.203,3969.508,4027.744,592419500
1076,2014-04-08,4011.955,4121.32,4009.097,4118.049,1023315900
1077,2014-04-09,4129.619,4154.48,4114.957,4133.338,865135600
1078,2014-04-10,4149.586,4192.533,4115.415,4173.621,1043834800
1079,2014-04-11,4175.117,4236.116,4174.285,4220.966,1037385000
1080,2014-04-14,4221.529,4245.94,4216.467,4233.578,836369400
1081,2014-04-15,4224.709,4224.709,4157.365,4157.644,944258400
1082,2014-04-16,4147.044,4175.165,4133.058,4156.89,652077900
1083,2014-04-17,4162.912,4184.764,4146.951,4155.755,586272800
1084,2014-04-18,4138.939,4170.156,4119.132,4152.567,580750700
1085,2014-04-21,4119.174,4145.979,4066.467,4067.552,706483400
1086,2014-04-22,4060.083,4087.729,4012.168,4063.107,661598200
1087,2014-04-23,4056.245,4096.18,4050.882,4079.309,543115500
1088,2014-04-24,4068.546,4083.115,4042.899,4058.94,497604000
1089,2014-04-25,4043.4,4048.053,3967.93,3969.06,741366700
1090,2014-04-28,3956.616,3963.83,3898.933,3901.62,855837500
1091,2014-04-29,3899.983,3979.32,3899.602,3972.631,643810400
1092,2014-04-30,3979.158,3989.715,3964.736,3975.266,620898500
1093,2014-05-05,3966.309,3986.901,3924.36,3976.553,566094400
1094,2014-05-06,3971.324,4003.469,3954.665,3968.044,541210900
1095,2014-05-07,3957.924,3957.924,3908.115,3908.757,492913900
1096,2014-05-08,3902.39,3959.79,3898.654,3901.411,461381200
1097,2014-05-09,3897.914,3898.936,3860.361,3888.302,539486700
1098,2014-05-12,3911.702,3953.416,3883.455,3947.294,698606700
1099,2014-05-13,3946.8,3954.887,3932.85,3943.1,524846300
1100,2014-05-14,3936.836,3944.169,3909.836,3914.428,473824400
1101,2014-05-15,3908.125,3911.04,3852.503,3855.927,456417400
1102,2014-05-16,3854.899,3873.172,3839.668,3869.903,472701700
1103,2014-05-19,3851.46,3853.222,3798.484,3817.344,506526800
1104,2014-05-20,3834.023,3853.703,3797.124,3807.515,450116000
1105,2014-05-21,3791.901,3857.724,3776.005,3857.105,488087000
1106,2014-05-22,3854.051,3896.188,3838.19,3839.631,564667700
1107,2014-05-23,3833.954,3866.159,3824.958,3864.993,507126800
1108,2014-05-26,3901.589,3912.852,3882.043,3901.489,625536200
1109,2014-05-27,3896.577,3915.017,3882.286,3887.488,462656800
1110,2014-05-28,3888.092,3928.532,3873.556,3927.761,741903000
1111,2014-05-29,3927.636,3949.755,3909.359,3909.565,633019100
1112,2014-05-30,3918.189,3929.118,3889.121,3911.302,683549500
1113,2014-06-03,3918.496,3923.168,3877.935,3879.758,584911300
1114,2014-06-04,3880.514,3881.791,3816.25,3842.673,546534100
1115,2014-06-05,3838.913,3893.857,3830.592,3893.857,484329600
1116,2014-06-06,3878.709,3884.779,3834.559,3857.203,580007200
1117,2014-06-09,3845.822,3882.749,3841.923,3863.398,750515400
1118,2014-06-10,3866.723,3906.492,3848.194,3904.955,694989900
1119,2014-06-11,3898.298,3911.562,3888.173,3908.715,620063800
1120,2014-06-12,3903.676,3920.072,3897.212,3899.284,634053600
1121,2014-06-13,3895.984,3956.008,3891.643,3942.137,748888300
1122,2014-06-16,3941.372,3972.355,3938.964,3963.296,774500900
1123,2014-06-17,3956.467,3956.619,3911.491,3913.24,604570900
1124,2014-06-18,3909.723,3915.414,3883.393,3887.618,570978000
1125,2014-06-19,3889.587,3903.234,3813.547,3833.365,647217700
1126,2014-06-20,3831.915,3842.594,3804.597,3838.72,608123500
1127,2014-06-23,3847.51,3867.965,3841.6,3850.59,569999000
1128,2014-06-24,3854.09,3900.659,3853.463,3899.219,542395200
1129,2014-06-25,3890.657,3890.657,3860.37,3881.278,506059200
1130,2014-06-26,3885.456,3916.937,3885.127,3910.83,549481800
1131,2014-06-27,3908.733,3940.966,3891.509,3921.714,645252600
1132,2014-06-30,3925.453,3956.888,3925.213,3939.556,706935200
1133,2014-07-01,3936.829,3938.722,3907.809,3917.913,749497300
1134,2014-07-02,3917.584,3926.111,3897.946,3923.227,834001700
1135,2014-07-03,3919.168,3957.773,3910.408,3947.916,759895800
1136,2014-07-04,3951.555,3956.923,3938.732,3950.513,680212000
1137,2014-07-07,3950.345,3961.546,3925.206,3929.671,628685000
1138,2014-07-08,3926.523,3955.071,3907.145,3954.382,798245200
1139,2014-07-09,3948.674,3958.227,3891.242,3892.891,739206600
1140,2014-07-10,3899.09,3907.611,3865.122,3873.561,829148300
1141,2014-07-11,3871.584,3911.472,3866.768,3901.74,855428600
1142,2014-07-14,3905.0,3980.678,3901.721,3980.492,911733000
1143,2014-07-15,3978.343,4020.978,3971.305,3999.142,999174700
1144,2014-07-16,3988.536,4005.607,3961.53,3972.854,758441600
1145,2014-07-17,3968.248,3968.545,3916.82,3941.18,601110800
1146,2014-07-18,3926.639,4022.092,3923.9,3992.718,671447500
1147,2014-07-21,3990.892,4030.783,3989.351,4021.131,678525800
1148,2014-07-22,4010.89,4083.793,4010.89,4070.018,841793100
1149,2014-07-23,4062.36,4084.715,4045.146,4059.593,691022700
1150,2014-07-24,4074.323,4123.763,4074.323,4108.19,925395500
1151,2014-07-25,4119.136,4147.114,4112.148,4145.479,781464600
1152,2014-07-28,4163.894,4244.886,4163.894,4234.206,1414205400
1153,2014-07-29,4233.458,4247.924,4200.967,4225.321,1171822400
1154,2014-07-30,4201.065,4206.468,4175.418,4191.936,944491900
1155,2014-07-31,4208.831,4254.805,4192.653,4254.272,963820300
1156,2014-08-01,4243.266,4314.844,4236.831,4252.971,1077751700
1157,2014-08-04,4257.807,4316.651,4257.807,4316.339,793980600
1158,2014-08-05,4317.637,4331.232,4292.454,4323.761,965791500
1159,2014-08-06,4300.61,4308.987,4260.514,4293.814,820574600
1160,2014-08-07,4291.396,4307.001,4216.282,4217.939,806077600
1161,2014-08-08,4222.866,4242.488,4210.447,4235.849,649890400
1162,2014-08-11,4247.297,4296.67,4245.385,4294.446,809747800
1163,2014-08-12,4293.722,4293.722,4257.742,4274.839,788964900
1164,2014-08-13,4278.255,4307.546,4247.73,4274.725,968452600
1165,2014-08-14,4269.541,4296.557,4253.716,4256.998,965786400
1166,2014-08-15,4259.699,4315.544,4257.87,4306.423,1160649500
1167,2014-08-18,4321.625,4342.346,4306.987,4335.185,1871750800
1168,2014-08-19,4350.162,4353.298,4310.918,4333.04,1628168800
1169,2014-08-20,4324.096,4344.379,4307.446,4332.718,1500674600
1170,2014-08-21,4327.292,4330.127,4274.238,4329.545,1560921700
1171,2014-08-22,4327.363,4345.854,4317.811,4336.862,1269436900
1172,2014-08-25,4334.308,4335.938,4280.387,4292.863,1116656600
1173,2014-08-26,4286.66,4298.599,4233.929,4245.285,1126882200
1174,2014-08-27,4246.072,4272.423,4238.488,4247.932,782294500
1175,2014-08-28,4246.058,4264.804,4213.687,4217.34,869235600
1176,2014-08-29,4226.994,4269.109,4221.358,4268.586,760552500
1177,2014-09-01,4274.805,4308.513,4273.254,4308.513,1089275400
1178,2014-09-02,4316.563,4351.681,4295.863,4349.699,1214393600
1179,2014-09-03,4354.575,4405.041,4354.575,4393.209,1356691100
1180,2014-09-04,4396.348,4410.799,4377.972,4408.017,1031085800
1181,2014-09-05,4424.539,4461.801,4408.832,4455.664,1409291100
1182,2014-09-09,4463.309,4472.602,4439.16,4462.847,1376786200
1183,2014-09-10,4449.057,4451.017,4419.7,4441.701,1208684000
1184,2014-09-11,4434.363,4474.047,4392.415,4400.236,1876547400
1185,2014-09-12,4394.622,4421.578,4377.9,4421.571,1442976900
1186,2014-09-15,4407.293,4408.042,4370.417,4407.6,1512565900
1187,2014-09-16,4411.902,4412.865,4286.63,4290.687,2035619200
1188,2014-09-17,4305.737,4324.005,4270.916,4324.005,1441297000
1189,2014-09-18,4313.56,4340.948,4304.884,4340.819,1343417600
1190,2014-09-19,4343.439,4376.389,4333.092,4368.65,1162571200
1191,2014-09-22,4365.792,4365.792,4278.585,4283.13,1114799400
1192,2014-09-23,4281.97,4319.489,4281.97,4313.927,895615700
1193,2014-09-24,4299.265,4371.499,4289.947,4369.109,1117381500
1194,2014-09-25,4389.689,4411.674,4349.265,4362.242,1234549800
1195,2014-09-26,4350.549,4364.736,4328.125,4358.432,1006769800
1196,2014-09-29,4363.064,4372.572,4343.659,4358.486,1166311400
1197,2014-09-30,4362.87,4367.244,4340.744,4355.819,1187799800
1198,2014-10-08,4360.541,4396.759,4334.187,4396.759,1240026400
1199,2014-10-09,4400.576,4416.68,4366.105,4398.837,1309618200
1200,2014-10-10,4383.962,4389.895,4349.373,4361.282,1774392600
1201,2014-10-13,4344.069,4344.069,4269.943,4321.097,1920111800
1202,2014-10-14,4307.522,4331.523,4287.375,4302.171,1711270400
1203,2014-10-15,4301.154,4332.191,4276.507,4332.191,1401043600
1204,2014-10-16,4307.451,4346.64,4289.278,4290.133,1431393900
1205,2014-10-17,4293.327,4320.976,4249.469,4315.927,1264984500
1206,2014-10-20,4325.205,4344.346,4316.136,4337.579,1078579400
1207,2014-10-21,4335.193,4340.391,4299.461,4302.875,905158300
1208,2014-10-22,4305.191,4319.138,4273.882,4275.983,875921900
1209,2014-10-23,4274.837,4284.769,4225.651,4232.191,1065181900
1210,2014-10-24,4232.952,4242.877,4210.144,4221.754,777957100
1211,2014-10-27,4205.491,4210.229,4166.528,4205.36,719795300
1212,2014-10-28,4209.588,4246.563,4209.588,4245.885,1080916700
1213,2014-10-29,4251.153,4281.604,4232.022,4281.604,1416322200
1214,2014-10-30,4280.779,4293.48,4263.733,4281.487,1441140600
1215,2014-10-31,4288.089,4326.874,4273.957,4322.37,1690738800
1216,2014-11-03,4328.823,4337.321,4308.176,4320.554,1561377000
1217,2014-11-04,4316.003,4316.003,4259.743,4268.993,1304450100
1218,2014-11-05,4265.666,4266.866,4244.111,4246.682,1418420700
1219,2014-11-06,4254.026,4260.113,4225.692,4254.942,1149595600
1220,2014-11-07,4258.435,4266.085,4219.611,4235.885,1353769900
1221,2014-11-10,4254.945,4348.392,4246.825,4348.179,1544016400
1222,2014-11-11,4362.235,4368.052,4274.36,4300.685,2147229600
1223,2014-11-12,4293.85,4352.388,4288.857,4352.388,1359736600
1224,2014-11-13,4354.779,4355.377,4304.127,4322.748,1482274700
1225,2014-11-14,4311.049,4373.195,4305.431,4371.927,1418534900
1226,2014-11-17,4481.291,4481.291,4388.091,4390.259,1345738200
1227,2014-11-18,4392.14,4392.14,4325.186,4338.784,1241932300
1228,2014-11-19,4332.105,4336.05,4307.279,4313.096,1065836300
1229,2014-11-20,4295.922,4302.834,4276.302,4298.696,951018600
1230,2014-11-21,4300.996,4352.114,4292.41,4351.981,1265104800
1231,2014-11-24,4417.501,4444.107,4387.355,4423.181,1954247200
1232,2014-11-25,4445.5,4499.679,4435.882,4499.006,1550801200
1233,2014-11-26,4522.04,4525.198,4485.981,4514.394,1851268000
1234,2014-11-27,4516.934,4518.542,4471.155,4501.388,2037780600
1235,2014-11-28,4501.259,4514.63,4451.635,4514.63,2400289400
1236,2014-12-01,4515.282,4605.496,4514.445,4576.947,2666610400
1237,2014-12-02,4563.843,4669.069,4557.746,4648.972,2311228000
1238,2014-12-03,4674.618,4793.476,4674.579,4771.492,3527306400
1239,2014-12-04,4799.813,4882.502,4799.49,4882.144,2969221600
1240,2014-12-05,4920.278,4942.992,4715.79,4804.338,3301797600
1241,2014-12-08,4777.701,4924.491,4742.453,4907.533,3013371000
1242,2014-12-09,4873.581,5132.0,4771.239,4800.47,4710274400
1243,2014-12-10,4844.204,5046.549,4844.204,5044.93,3237899200
1244,2014-12-11,5036.229,5097.439,4960.721,5010.925,2855375200
1245,2014-12-12,5026.023,5057.839,4984.604,5005.338,2075839400
1246,2014-12-15,5023.955,5059.727,4980.836,5050.052,2194111400
1247,2014-12-16,5042.695,5044.383,4962.086,5001.067,2166896400
1248,2014-12-17,4990.312,4991.787,4894.552,4948.594,2444984400
1249,2014-12-18,4950.887,4999.18,4948.822,4968.033,2056771600
1250,2014-12-19,4960.332,4971.389,4854.094,4941.702,2032114000
1251,2014-12-22,4934.816,4951.595,4855.774,4938.185,2729081000
1252,2014-12-23,4924.56,5043.226,4909.817,4958.95,2408458800
1253,2014-12-24,4969.401,4981.645,4844.005,4895.71,2057838200
1254,2014-12-25,4914.302,4932.153,4855.873,4929.139,1626424900
1255,2014-12-26,4926.495,5010.527,4891.164,5002.389,1989301800
1256,2014-12-29,5018.372,5038.962,4926.666,4969.951,2704839600
1257,2014-12-30,4944.617,4963.854,4851.785,4876.931,1989473200
1258,2014-12-31,4871.058,4966.387,4863.239,4952.654,1627181900
1259,2015-01-05,4986.07,5248.919,4985.543,5234.503,2948960800
1260,2015-01-06,5201.086,5384.38,5184.244,5351.009,2932039200
1261,2015-01-07,5325.271,5348.437,5251.217,5288.378,1936370800
1262,2015-01-08,5283.407,5316.807,5218.401,5268.742,1895313200
1263,2015-01-09,5253.856,5350.683,5189.516,5196.571,1974913600
1264,2015-01-12,5177.9,5267.252,5163.664,5257.327,1871928400
1265,2015-01-13,5251.777,5344.398,5244.954,5322.951,1438895400
1266,2015-01-14,5325.855,5333.872,5191.192,5214.516,1246293500
1267,2015-01-15,5206.066,5261.264,5162.96,5261.187,1217401400
1268,2015-01-16,5268.665,5332.258,5257.628,5305.962,1671051300
1269,2015-01-19,5115.338,5224.983,4926.696,5013.354,2223818400
1270,2015-01-20,5050.404,5184.421,5050.404,5173.437,1764469600
1271,2015-01-21,5198.639,5320.58,5183.178,5317.005,2222531600
1272,2015-01-22,5331.019,5366.17,5274.159,5321.838,1799758800
1273,2015-01-23,5329.894,5350.518,5253.436,5277.917,1551768000
1274,2015-01-26,5292.465,5361.965,5288.605,5358.19,1841487400
1275,2015-01-27,5377.835,5420.951,5292.325,5370.537,2420772200
1276,2015-01-28,5338.706,5385.79,5286.193,5309.847,1729065200
1277,2015-01-29,5254.455,5279.826,5216.205,5246.316,1512344200
1278,2015-01-30,5260.993,5308.361,5205.359,5212.045,1516198100
1279,2015-02-02,5156.883,5203.61,5121.079,5131.048,1267377600
1280,2015-02-03,5187.785,5235.512,5168.423,5232.497,1399808000
1281,2015-02-04,5255.178,5302.97,5204.31,5207.436,1491655000
1282,2015-02-05,5262.323,5299.665,5169.391,5169.391,1870176200
1283,2015-02-06,5175.011,5204.577,5075.529,5110.288,1399355000
1284,2015-02-09,5130.373,5191.601,5129.744,5153.295,1156003900
1285,2015-02-10,5172.338,5248.267,5171.263,5248.267,1297544700
1286,2015-02-11,5257.16,5330.228,5256.808,5308.07,2133436400
1287,2015-02-12,5320.724,5353.376,5287.15,5341.466,2289011400
1288,2015-02-13,5368.332,5432.213,5360.768,5388.752,2091333800
1289,2015-02-16,5418.123,5499.001,5418.123,5497.467,2591715600
1290,2015-02-17,5520.506,5574.202,5511.676,5542.437,2011764000
1291,2015-02-25,5565.653,5566.231,5466.879,5498.667,1780232000
1292,2015-02-26,5497.06,5551.616,5488.854,5543.101,1540170500
1293,2015-02-27,5541.836,5596.08,5541.192,5575.459,1896037200
1294,2015-03-02,5596.457,5633.217,5573.262,5631.932,2265484400
1295,2015-03-03,5606.054,5613.127,5502.474,5507.199,2231316200
1296,2015-03-04,5528.775,5642.171,5526.638,5624.753,2229225200
1297,2015-03-05,5604.357,5639.974,5558.951,5604.519,2374702600
1298,2015-03-06,5634.967,5634.967,5506.343,5511.271,2096416800
1299,2015-03-09,5490.722,5600.636,5459.668,5591.783,1629548100
1300,2015-03-10,5588.929,5647.347,5581.954,5620.187,1843190800
1301,2015-03-11,5621.605,5692.68,5621.557,5660.834,1888712000
1302,2015-03-12,5684.936,5692.168,5646.301,5668.318,1974114600
1303,2015-03-13,5675.446,5715.94,5661.693,5715.78,1593782300
1304,2015-03-16,5763.266,5850.448,5734.332,5845.835,2276798400
1305,2015-03-17,5866.269,5883.975,5814.154,5869.1,2443671200
1306,2015-03-18,5877.375,6000.973,5858.714,5997.437,3136597600
1307,2015-03-19,6023.412,6023.414,5933.805,5970.392,2798829600
1308,2015-03-20,5968.121,6025.056,5953.607,5973.996,2595517200
1309,2015-03-23,6024.365,6108.781,6024.365,6108.693,2766847200
1310,2015-03-24,6138.954,6139.391,6006.388,6127.452,3655941200
1311,2015-03-25,6111.245,6175.25,6066.864,6145.334,3398478000
1312,2015-03-26,6123.135,6164.107,6072.151,6127.788,2600579600
1313,2015-03-27,6131.97,6162.119,6103.696,6134.993,1953360600
1314,2015-03-30,6154.098,6247.108,6132.48,6220.886,2450340400
1315,2015-03-31,6296.28,6317.806,6180.072,6200.361,2746443600
1316,2015-04-01,6211.176,6350.451,6210.748,6323.881,2781303000
1317,2015-04-02,6376.807,6390.01,6266.454,6370.126,2816968400
1318,2015-04-03,6348.815,6423.623,6329.235,6415.556,2522490000
1319,2015-04-07,6469.124,6533.031,6451.238,6532.906,3134569200
1320,2015-04-08,6555.114,6588.424,6393.367,6506.229,2990035600
1321,2015-04-09,6498.116,6501.142,6252.713,6384.234,2929392000
1322,2015-04-10,6373.866,6508.849,6363.471,6507.792,2465404400
1323,2015-04-13,6519.566,6542.931,6459.949,6526.348,2910774000
1324,2015-04-14,6521.568,6584.524,6458.408,6497.859,2648857800
1325,2015-04-15,6494.825,6496.324,6329.703,6332.321,2327623800
1326,2015-04-16,6318.798,6602.695,6304.602,6582.608,2391576400
1327,2015-04-17,6658.796,6707.22,6621.655,6656.925,3197885200
1328,2015-04-20,6632.647,6759.218,6562.598,6581.347,3516292000
1329,2015-04-21,6644.924,6911.873,6640.808,6911.873,3461178400
1330,2015-04-22,6977.983,7045.323,6953.501,7037.457,3519498800
1331,2015-04-23,7122.854,7137.915,7013.237,7083.656,3219631000
1332,2015-04-24,7066.061,7144.475,6991.665,7106.416,3400151600
1333,2015-04-27,7185.577,7225.714,7065.687,7146.977,3362662400
1334,2015-04-28,7191.961,7213.392,6916.745,6960.706,3347762800
1335,2015-04-29,6953.08,7110.971,6953.08,7083.08,2565681200
1336,2015-04-30,7094.397,7115.075,7038.507,7038.507,2480553600
1337,2015-05-04,7055.012,7108.761,7003.975,7088.497,2265794200
1338,2015-05-05,7052.931,7053.418,6757.739,6787.556,2610690000
1339,2015-05-06,6862.233,6929.374,6716.531,6754.516,2396881600
1340,2015-05-07,6741.247,6796.481,6704.475,6720.508,2133550400
1341,2015-05-08,6791.116,6903.119,6759.823,6901.129,2685181400
1342,2015-05-11,6930.576,7081.598,6862.287,7080.393,3272421000
1343,2015-05-12,7093.316,7135.203,7016.857,7122.153,3275848000
1344,2015-05-13,7104.361,7272.539,7050.798,7197.314,3746728800
1345,2015-05-14,7187.85,7209.775,7127.823,7137.973,3654102000
1346,2015-05-15,7135.669,7135.669,6951.2,7032.285,3707680000
1347,2015-05-18,7010.632,7043.207,6980.022,6989.594,2911992000
1348,2015-05-19,7000.512,7198.109,6999.63,7184.646,2961492800
1349,2015-05-20,7210.896,7377.261,7210.694,7248.653,3469850400
1350,2015-05-21,7273.922,7518.127,7272.078,7517.265,3433670000
1351,2015-05-22,7620.488,7661.789,7500.056,7649.303,3963155600
1352,2015-05-25,7623.393,7851.863,7609.443,7849.963,3791939600
1353,2015-05-26,7878.274,8076.156,7827.999,8065.565,4484948400
1354,2015-05-27,8096.336,8106.09,7932.947,8004.915,3955222800
1355,2015-05-28,7996.395,8077.025,7525.01,7529.825,4655814400
1356,2015-05-29,7515.537,7661.115,7264.621,7551.987,3443387600
1357,2015-06-01,7595.062,7894.587,7549.179,7888.903,3095452000
1358,2015-06-02,7915.45,8056.539,7841.607,8056.213,3345807200
1359,2015-06-03,8044.918,8067.788,7854.077,7985.362,3454494800
1360,2015-06-04,8022.981,8026.549,7411.595,7892.223,3488792800
1361,2015-06-05,7980.713,8058.715,7764.983,7945.867,3827555600
1362,2015-06-08,7970.512,8076.886,7809.138,8052.13,3955443200
1363,2015-06-09,8067.455,8157.773,7975.216,8065.676,3912044000
1364,2015-06-10,8014.14,8314.169,7962.667,8227.838,4141571200
1365,2015-06-11,8241.952,8278.439,8157.508,8230.145,3508145600
1366,2015-06-12,8267.154,8373.222,8259.404,8325.167,3680154800
1367,2015-06-15,8347.385,8374.626,8125.49,8162.938,4387096000
1368,2015-06-16,8078.261,8138.455,7880.813,7953.809,3663558400
1369,2015-06-17,7934.017,8044.164,7727.221,8017.772,3219991800
1370,2015-06-18,7971.645,8014.799,7709.048,7717.569,3346484600
1371,2015-06-19,7576.866,7647.104,7233.564,7239.762,3193928000
1372,2015-06-23,7241.71,7512.243,7010.042,7505.368,3441492800
1373,2015-06-24,7549.212,7661.206,7456.267,7653.173,3625098400
1374,2015-06-25,7691.062,7704.015,7315.614,7386.561,3708022400
1375,2015-06-26,7190.381,7228.331,6731.52,6835.262,3802901600
1376,2015-06-29,7016.051,7021.561,6327.185,6641.061,4624016000
1377,2015-06-30,6583.493,7083.985,6391.824,7071.404,4862088800
1378,2015-07-01,6987.716,7221.912,6754.037,6788.967,4304704400
1379,2015-07-02,6838.934,6869.885,6368.402,6534.828,4199067600
1380,2015-07-03,6381.306,6611.333,5987.954,6168.621,4201410400
1381,2015-07-06,6689.441,6689.441,5979.9,6291.595,5234022000
1382,2015-07-07,6106.364,6206.942,5878.046,5989.046,5229985600
1383,2015-07-08,5579.958,5708.016,5538.515,5648.082,4034502400
1384,2015-07-09,5638.36,6041.295,5582.254,6036.863,3030912000
1385,2015-07-10,6189.898,6500.041,6145.998,6450.47,3352458400
1386,2015-07-13,6553.474,6807.282,6456.876,6728.55,4540428800
1387,2015-07-14,6711.218,6829.394,6516.711,6561.834,4347160800
1388,2015-07-15,6501.609,6554.186,6163.903,6276.053,3798219600
1389,2015-07-16,6257.512,6472.282,6100.558,6358.137,2865086400
1390,2015-07-17,6416.852,6686.13,6379.674,6621.942,3107515200
1391,2015-07-20,6643.848,6735.443,6529.654,6624.59,3573045600
1392,2015-07-21,6557.617,6696.549,6497.527,6638.962,3141818800
1393,2015-07-22,6605.207,6659.425,6485.982,6587.574,3168739200
1394,2015-07-23,6596.869,6733.992,6562.188,6719.89,3573247200
1395,2015-07-24,6739.682,6768.651,6550.681,6581.505,3782886400
1396,2015-07-27,6450.538,6562.288,6012.523,6016.976,3572093600
1397,2015-07-28,5849.726,6124.803,5729.632,6030.334,3710322400
1398,2015-07-29,6081.95,6241.912,5973.796,6233.901,2470939200
1399,2015-07-30,6204.744,6264.569,6026.099,6044.392,2367839800
1400,2015-07-31,5996.395,6141.815,5973.947,6119.095,2037384400
1401,2015-08-03,6059.114,6208.28,6041.029,6204.411,2119528200
1402,2015-08-04,6198.087,6355.342,6147.613,6354.883,2021336400
1403,2015-08-05,6348.486,6366.252,6203.743,6217.347,1646307500
1404,2015-08-06,6137.381,6250.584,6112.598,6183.183,1485683400
1405,2015-08-07,6239.608,6304.746,6208.153,6277.31,1729430600
1406,2015-08-10,6335.807,6517.125,6305.789,6489.444,2398122800
1407,2015-08-11,6518.489,6579.019,6493.216,6522.205,2433648000
1408,2015-08-12,6515.668,6595.322,6461.117,6461.142,2124340600
1409,2015-08-13,6499.507,6581.297,6429.663,6580.152,2541428000
1410,2015-08-14,6637.795,6660.838,6572.133,6602.49,2471188800
1411,2015-08-17,6597.396,6654.618,6530.841,6636.277,3335720400
1412,2015-08-18,6635.968,6645.305,6197.152,6237.422,3578679600
1413,2015-08-19,6121.74,6356.827,5994.629,6330.52,3002009400
1414,2015-08-20,6269.298,6294.184,6126.961,6128.132,2457897400
1415,2015-08-21,6049.111,6092.907,5810.259,5821.939,2345802400
1416,2015-08-24,5613.438,5617.347,5335.116,5339.869,2609608400
1417,2015-08-25,5058.376,5334.524,5015.138,5061.105,3217558800
1418,2015-08-26,5118.281,5350.668,5020.728,5141.974,3230710400
1419,2015-08-27,5260.739,5414.021,5159.868,5411.631,2680483800
1420,2015-08-28,5465.092,5630.287,5379.871,5590.724,3059864400
1421,2015-08-31,5484.596,5548.789,5346.122,5548.51,2601563400
1422,2015-09-01,5431.218,5469.569,5244.65,5464.042,2794404000
1423,2015-09-02,5257.371,5501.011,5240.525,5475.951,3131931400
1424,2015-09-07,5470.35,5609.798,5301.119,5323.22,2383977000
1425,2015-09-08,5273.61,5462.529,5203.575,5443.006,1607029100
1426,2015-09-09,5456.883,5601.043,5443.5,5536.954,2780853200
1427,2015-09-10,5457.874,5520.775,5439.593,5461.108,1618543700
1428,2015-09-11,5456.393,5500.773,5395.956,5456.671,1322009800
1429,2015-09-14,5481.92,5500.187,5217.854,5330.313,2246388800
1430,2015-09-15,5239.997,5286.64,5099.241,5145.716,1642706600
1431,2015-09-16,5153.677,5492.168,5122.807,5424.661,1839506000
1432,2015-09-17,5392.714,5465.2,5267.657,5267.657,1938368400
1433,2015-09-18,5304.537,5346.516,5261.603,5307.814,1249059100
1434,2015-09-21,5258.916,5403.758,5240.675,5398.267,1376432500
1435,2015-09-22,5409.36,5474.353,5382.479,5427.111,1706839600
1436,2015-09-23,5358.741,5404.905,5312.508,5321.183,1451589500
1437,2015-09-24,5345.842,5375.222,5313.165,5359.494,1166990400
1438,2015-09-25,5345.002,5378.431,5231.028,5260.502,1273897000
1439,2015-09-28,5264.089,5319.551,5207.464,5314.176,976244300
1440,2015-09-29,5245.176,5294.143,5214.682,5231.623,1017240400
1441,2015-09-30,5285.824,5309.976,5254.638,5285.547,1017949600
1442,2015-10-08,5483.29,5521.156,5447.977,5458.462,1795294000
1443,2015-10-09,5459.414,5506.611,5433.199,5485.815,1463231900
1444,2015-10-12,5505.561,5698.754,5505.082,5627.656,2703294000
1445,2015-10-13,5597.543,5656.526,5579.796,5647.692,1710212400
1446,2015-10-14,5628.092,5647.583,5563.887,5566.367,1840094000
1447,2015-10-15,5558.032,5684.158,5556.18,5683.387,2035166400
1448,2015-10-16,5714.403,5748.879,5664.985,5741.896,2307003200
1449,2015-10-19,5771.004,5797.067,5724.131,5773.313,2308940800
1450,2015-10-20,5777.46,5821.825,5732.849,5821.345,2566803800
1451,2015-10-21,5829.335,5852.992,5571.664,5614.893,3287177000
1452,2015-10-22,5616.541,5754.591,5600.084,5743.538,2417577200
1453,2015-10-23,5771.659,5864.125,5757.638,5852.031,2607860400
1454,2015-10-26,5904.46,5914.513,5815.328,5869.649,2355656600
1455,2015-10-27,5836.74,5876.7,5703.016,5848.826,2060625600
1456,2015-10-28,5829.526,5862.223,5734.679,5748.996,1805401400
1457,2015-10-29,5778.02,5831.907,5737.244,5795.49,1550755100
1458,2015-10-30,5808.532,5864.03,5753.222,5804.416,1875077200
1459,2015-11-02,5736.552,5848.978,5709.492,5736.255,1986832000
1460,2015-11-03,5749.75,5770.674,5680.567,5707.187,1474243600
1461,2015-11-04,5724.27,5923.417,5724.27,5922.948,2361913600
1462,2015-11-05,5917.772,6053.641,5906.798,5964.428,3318039600
1463,2015-11-06,6009.91,6071.836,6002.431,6067.282,2536069200
1464,2015-11-09,6076.799,6178.806,6058.044,6135.183,3025548400
1465,2015-11-10,6106.828,6145.559,6053.324,6106.584,2656506800
1466,2015-11-11,6112.769,6116.33,6036.697,6083.737,2291388400
1467,2015-11-12,6099.321,6107.64,6002.516,6039.56,2195308800
1468,2015-11-13,5987.053,6019.471,5917.812,5955.297,2224426400
1469,2015-11-16,5852.067,5961.401,5840.555,5960.006,1728556600
1470,2015-11-17,5989.45,6025.918,5905.162,5924.561,2564925000
1471,2015-11-18,5936.876,5944.567,5861.099,5871.977,1784793600
1472,2015-11-19,5886.585,5956.871,5871.399,5956.541,1720849400
1473,2015-11-20,5969.431,5973.35,5918.604,5947.507,1849552400
1474,2015-11-23,5941.781,5992.761,5923.651,5941.636,1994952800
1475,2015-11-24,5932.211,5939.623,5859.89,5923.102,1338169200
1476,2015-11-25,5917.804,5971.927,5893.436,5970.392,1614052100
1477,2015-11-26,5987.601,6000.359,5944.91,5960.437,1845687600
1478,2015-11-27,5931.382,5936.888,5638.528,5670.278,1991217200
1479,2015-11-30,5684.682,5720.074,5508.732,5679.64,1523019500
1480,2015-12-01,5671.135,5755.891,5643.228,5743.338,1314752400
1481,2015-12-02,5744.276,5930.921,5735.699,5910.539,2024114400
1482,2015-12-03,5896.693,5943.094,5874.181,5937.549,1574377200
1483,2015-12-04,5905.219,5922.07,5858.548,5879.642,1674806700
1484,2015-12-07,5890.104,5963.909,5854.905,5940.822,1650612500
1485,2015-12-08,5911.795,5911.795,5792.592,5795.185,1452884200
1486,2015-12-09,5789.714,5880.893,5789.714,5864.186,1381111500
1487,2015-12-10,5860.278,5907.751,5830.094,5842.087,1318037900
1488,2015-12-11,5820.123,5844.78,5783.652,5814.178,1201399100
1489,2015-12-14,5770.439,5912.202,5765.773,5911.176,1387937900
1490,2015-12-15,5915.614,5952.171,5887.342,5928.033,1276309000
1491,2015-12-16,5941.038,5954.259,5878.347,5883.488,1185356500
1492,2015-12-17,5921.264,6008.792,5921.264,6003.613,2038320000
1493,2015-12-18,5999.558,6038.26,5970.51,6034.906,1927443600
1494,2015-12-21,6047.663,6319.595,6047.663,6295.089,2768583600
1495,2015-12-22,6332.334,6366.535,6247.24,6308.424,2889674300
1496,2015-12-23,6314.901,6363.36,6258.495,6281.363,2313023200
1497,2015-12-24,6269.283,6283.901,6153.565,6220.392,1690672400
1498,2015-12-25,6242.242,6260.736,6183.914,6224.602,1285924900
1499,2015-12-28,6249.911,6259.281,6050.032,6050.751,1732537600
1500,2015-12-29,6045.778,6143.307,6020.998,6141.571,1300862900
1501,2015-12-30,6146.726,6172.63,6092.581,6135.222,1148342500
1502,2015-12-31,6140.628,6154.627,6078.318,6079.029,1079222900
1503,2016-01-04,6075.773,6076.903,5604.275,5606.637,1233443300
1504,2016-01-05,5475.493,5724.672,5462.189,5643.435,1832572400
1505,2016-01-06,5669.745,5731.468,5612.584,5726.437,1242619600
1506,2016-01-07,5633.473,5633.584,5287.602,5305.35,377096200
1507,2016-01-08,5442.299,5505.163,5220.922,5427.038,1695060500
1508,2016-01-11,5337.229,5392.853,5151.145,5154.029,1502400100
1509,2016-01-12,5196.263,5235.345,5126.233,5186.464,1063391100
1510,2016-01-13,5231.13,5279.873,5093.914,5093.974,1004961400
1511,2016-01-14,4981.442,5228.807,4972.077,5217.501,1214220100
1512,2016-01-15,5185.538,5210.823,5016.907,5048.188,1084541800
1513,2016-01-18,4961.717,5124.292,4960.092,5061.301,975971000
1514,2016-01-19,5062.274,5244.887,5052.685,5237.338,1250587900
1515,2016-01-20,5204.543,5236.438,5093.334,5129.167,1238883500
1516,2016-01-21,5068.702,5166.023,4985.99,4986.405,1052337300
1517,2016-01-22,5043.476,5063.746,4941.371,5037.185,830262500
1518,2016-01-25,5068.816,5104.49,5030.251,5067.402,737934300
1519,2016-01-26,5020.964,5042.741,4763.789,4773.266,1232580000
1520,2016-01-27,4799.661,4820.019,4592.426,4761.752,1224844700
1521,2016-01-28,4728.008,4798.74,4654.966,4669.001,948024200
1522,2016-01-29,4673.562,4858.722,4673.369,4826.553,962792900
1523,2016-02-01,4811.548,4853.028,4743.593,4790.499,819867800
1524,2016-02-02,4789.263,4912.707,4789.263,4893.738,943031600
1525,2016-02-03,4847.59,4895.463,4817.386,4884.558,757201700
1526,2016-02-04,4901.991,4968.101,4901.017,4939.651,943379400
1527,2016-02-05,4945.739,4953.273,4901.841,4904.475,707394300
1528,2016-02-15,4780.775,4897.804,4777.154,4871.676,702915100
1529,2016-02-16,4899.668,5031.903,4899.668,5018.321,1129449500
1530,2016-02-17,5010.75,5060.175,4992.074,5058.954,1276204900
1531,2016-02-18,5085.565,5093.931,5011.98,5023.575,1198272500
1532,2016-02-19,5017.872,5045.867,4994.601,5028.096,916472900
1533,2016-02-22,5080.481,5123.643,5056.845,5117.059,1318705400
1534,2016-02-23,5120.507,5127.164,5041.12,5085.798,1248818000
1535,2016-02-24,5069.342,5134.563,5039.287,5134.563,1133797100
1536,2016-02-25,5131.78,5131.78,4806.387,4829.219,1684432400
1537,2016-02-26,4869.177,4904.021,4803.288,4876.215,1322357600
1538,2016-02-29,4873.694,4875.208,4655.629,4730.462,1248794900
1539,2016-03-01,4737.069,4839.117,4703.232,4821.112,1114961700
1540,2016-03-02,4818.656,5013.934,4816.657,5008.341,1649762900
1541,2016-03-03,5003.426,5063.943,4991.778,5027.339,1706176200
1542,2016-03-04,5011.1,5090.032,4972.991,5074.297,1901691600
1543,2016-03-07,5094.019,5149.708,5049.538,5083.862,1175389700
1544,2016-03-08,5074.509,5084.759,4924.321,5084.759,1154576700
1545,2016-03-09,5005.232,5049.082,4970.134,5029.485,967257500
1546,2016-03-10,5018.255,5062.726,4982.805,4984.512,794242500
1547,2016-03-11,4954.197,5013.579,4933.363,4979.474,620202700
1548,2016-03-14,5020.382,5121.409,5015.603,5054.494,1122577900
1549,2016-03-15,5047.39,5098.727,5020.582,5096.073,993621500
1550,2016-03-16,5086.079,5101.338,5054.018,5073.0,1010589700
1551,2016-03-17,5088.556,5178.584,5072.828,5146.311,1206747100
1552,2016-03-18,5157.934,5272.874,5152.751,5226.895,2060436300
1553,2016-03-21,5261.542,5319.37,5247.722,5303.435,2135004800
1554,2016-03-22,5282.824,5337.985,5257.295,5298.404,1470403000
1555,2016-03-23,5281.451,5317.598,5266.98,5307.383,1163410800
1556,2016-03-24,5288.264,5334.626,5252.947,5277.354,1375792800
1557,2016-03-25,5270.94,5333.981,5270.441,5322.1,999480800
1558,2016-03-28,5345.982,5407.994,5300.027,5318.059,1172097300
1559,2016-03-29,5315.456,5322.796,5207.24,5231.568,946022600
1560,2016-03-30,5265.048,5345.864,5264.787,5343.366,1007483700
1561,2016-03-31,5378.534,5396.12,5352.013,5363.69,1155726600
1562,2016-04-01,5361.93,5368.853,5266.006,5345.714,1067402300
1563,2016-04-05,5342.624,5434.761,5342.624,5422.3,1309470100
1564,2016-04-06,5413.721,5467.466,5403.343,5453.197,1113498700
1565,2016-04-07,5467.414,5475.107,5362.751,5366.744,1120718200
1566,2016-04-08,5337.758,5352.989,5284.021,5322.489,998794900
1567,2016-04-11,5352.861,5405.099,5352.861,5377.481,1215601600
1568,2016-04-12,5371.289,5377.941,5320.704,5349.686,776188000
1569,2016-04-13,5371.418,5446.01,5371.326,5382.871,1444635700
1570,2016-04-14,5408.481,5420.674,5377.434,5416.323,1029042000
1571,2016-04-15,5421.742,5425.053,5384.715,5406.054,930211600
1572,2016-04-18,5384.872,5384.872,5326.246,5343.302,781506300
1573,2016-04-19,5365.481,5378.012,5332.793,5354.566,666897700
1574,2016-04-20,5361.238,5370.686,5127.898,5227.817,1362671800
1575,2016-04-21,5209.967,5255.588,5194.601,5199.283,883100600
1576,2016-04-22,5186.885,5256.916,5178.52,5256.594,671568500
1577,2016-04-25,5247.985,5266.418,5211.996,5251.003,664014700
1578,2016-04-26,5247.797,5285.239,5235.166,5278.123,577484600
1579,2016-04-27,5282.1,5298.351,5260.799,5266.046,645977700
1580,2016-04-28,5268.652,5285.619,5212.606,5257.413,702524100
1581,2016-04-29,5263.463,5337.013,5260.088,5312.919,774810000
1582,2016-05-03,5315.133,5460.778,5307.818,5456.827,1220057400
1583,2016-05-04,5442.103,5472.752,5416.089,5424.563,946635300
1584,2016-05-05,5415.421,5436.545,5399.561,5425.854,785703200
1585,2016-05-06,5408.858,5422.01,5265.416,5265.416,1062425800
1586,2016-05-09,5235.368,5236.345,5167.565,5189.105,877217600
1587,2016-05-10,5177.851,5262.124,5174.936,5233.873,809409000
1588,2016-05-11,5251.309,5356.245,5251.309,5298.619,1189601000
1589,2016-05-12,5252.237,5305.963,5193.921,5296.666,845397300
1590,2016-05-13,5288.66,5341.251,5224.856,5247.258,637016100
1591,2016-05-16,5232.121,5298.419,5212.378,5297.586,690862200
1592,2016-05-17,5301.367,5306.153,5249.696,5268.156,687958000
1593,2016-05-18,5244.52,5254.299,5168.435,5213.476,769971200
1594,2016-05-19,5209.693,5250.402,5203.5,5209.522,547521400
1595,2016-05-20,5190.188,5243.28,5176.97,5242.827,526568300
1596,2016-05-23,5233.78,5276.728,5233.78,5262.149,578151600
1597,2016-05-24,5262.632,5263.05,5208.429,5228.973,586131700
1598,2016-05-25,5250.379,5262.198,5194.193,5205.053,546912300
1599,2016-05-26,5205.611,5224.715,5140.557,5205.358,567389700
1600,2016-05-27,5196.91,5220.455,5187.543,5208.826,547371100
1601,2016-05-30,5194.599,5226.122,5162.009,5205.674,592033000
1602,2016-05-31,5208.063,5353.898,5208.063,5349.989,1231667200
1603,2016-06-01,5377.895,5390.499,5362.036,5373.146,1074281800
1604,2016-06-02,5368.699,5389.072,5358.533,5388.29,813085900
1605,2016-06-03,5410.006,5524.669,5408.024,5503.175,1302820900
1606,2016-06-06,5508.087,5511.246,5463.181,5486.21,1078626500
1607,2016-06-07,5484.58,5492.02,5456.034,5483.676,1008478300
1608,2016-06-08,5460.669,5462.622,5394.791,5413.823,976484600
1609,2016-06-13,5364.934,5384.095,5237.723,5237.723,1161319400
